:020000040800F2
:10000000F0910120D5020008358C000855840008C5
:10001000318C00086D1800085DB400080000000075
:10002000000000000000000000000000418C0008FB
:100030007D27000800000000398C0008EDA00008B2
:10004000EF020008EF020008EF020008EF020008CC
:10005000EF0200083D8C0008EF020008EF020008E4
:10006000EF020008EF020008EF020008EF020008AC
:10007000EF020008EF020008EF020008492700081D
:1000800055270008EF020008EF020008EF02000801
:10009000EF020008EF020008EF020008EF0200087C
:1000A000EF020008ADA10008EF020008EF0200080F
:1000B000EF020008EF020008EF020008EF0200085C
:1000C000EF020008EF020008EF020008EF0200084C
:1000D000EF02000851B40008EF020008EF02000828
:1000E000EF020008EF020008EF020008EF0200082C
:1000F000EF020008EF020008EF020008EF0200081C
:10010000EF020008EF020008B9A10008EF020008A2
:1001100009A3000815A30008EF020008EF02000879
:1001200061270008EF020008EF020008EF02000854
:10013000EF020008EF020008EF020008EF020008DB
:10014000EF020008EF020008EF020008EF020008CB
:100150006D270008EF020008EF020008EF02000818
:10016000EF020008EF020008EF020008EF020008AB
:10017000EF020008EF020008EF0200080000000094
:10018000EF020008EF02000800F002F800F092F819
:100190000AA090E8000C82448344AAF10107DA45E2
:1001A00001D100F087F8AFF2090EBAE80F0013F0A2
:1001B000010F18BFFB1A43F001031847CCE40000FD
:1001C0000CE50000103A24BF78C878C1FAD852076D
:1001D00024BF30C830C144BF04680C6070470000C1
:1001E0000023002400250026103A28BF78C1FBD840
:1001F000520728BF30C148BF0B6070476E2900F01E
:100200006185702900F0AF8266290EF0168065299D
:100210000EF0138067290EF0108061290EF00F8018
:1002200003681B0A28BF41F08001692900F08A8118
:10023000642900F08781752900F084816F2900F01E
:100240003D82782900F07B82E92900F09B85E42932
:1002500000F09885F52900F09585EF2900F03A82A5
:10026000F82900F07A820368DB0928BF41F0800199
:10027000632900F06585732900F06A85E32900F0A1
:100280007585F32900F07A85002070471FB50DF0C1
:10029000C2FF00F00FFE0400002000210DF094FBCF
:1002A000401C6060002000210DF0A4FBE0601FBD39
:1002B00010B510BD01F0D4F91146FFF7E7FF0BF0C0
:1002C000E9FC01F0A5FA03B4FFF7F2FF03BC01F06B
:1002D000A9FA00000948804709480047FEE7FEE701
:1002E000FEE7FEE7FEE7FEE7FEE7FEE7FEE7FEE7E6
:1002F00004480549054A064B7047000099A10008CB
:1003000089010008E8CF0120F0910120E8D1012007
:10031000F08D012053EA020C00F069802DE9F04BCA
:100320004FF00006002B1FBFB3FA83F503FA05F464
:1003300024FA05F65E4012BF1643B2FA82F502FABD
:1003400005F4C5F120051EBF22FA05FC44EA0C04A1
:10035000203556EA044C4FEA144418BF641C4FF091
:1003600000084FF00009904271EB030C39D30029CB
:1003700019BFB1FA81F701FA07F6B0FA80F700FA6F
:1003800007F6C7F120071EBF20FA07FC46EA0C0655
:100390002037B6FBF4FCA7EB0507103F07F01F0B57
:1003A000CBF120062CFA06F60CFA0BFB44BFB34641
:1003B0000026202FA4BF5E464FF0000B5BEA060C20
:1003C00008BF4FF0010B19EB0B0948EB0608ABFB1C
:1003D000027C06FB02CC0BFB03CCC01B71EB0C01B7
:1003E000C1E70B46024641464846BDE8F08B13B5CF
:1003F000084318BF4FF0FF300146AFF30080BDE85F
:100400001C4070477CB51D4616460C00009007D076
:100410004142A14202D32044401E01E04FF0FF3090
:10042000064B7B442A4669460190304600F063FC47
:10043000002C02D0009A002111707CBDF70800004A
:100440000FB41CB50C0007AA009007D04142A1428E
:1004500002D32044401E01E04FF0FF30074B7B44A5
:1004600069460190069800F046FC0021002C01D05E
:10047000009A11701CBC5DF814FB0000BB08000062
:1004800070B5044685690068C10601D5302600E0D4
:100490002026C00707D070BDD4E90121304690471F
:1004A000206A401C20626D1EF6D570BD70B50446F2
:1004B00085690078C00707D170BDD4E901212020EB
:1004C0009047206A401C20626D1EF6D570BD0968F9
:1004D0004A0501D540B27047C905FCD500B2704746
:1004E00009684A0501D5C0B27047C905FCD580B27C
:1004F000704770B50C460546012A05D0287880065D
:1005000000D5EA69002302E0012305E05B1C934269
:1005100002D2E05C0028F9D1A869E618C01AA861E7
:10052000286A184428622846FFF7AAFF04E0D5E9A4
:10053000012114F8010B9047B442F8D32846FFF785
:10054000B5FF70BD2DE9F0410646002410687529FD
:10055000314616A510D0FFF7BAFF002802DA404254
:1005600013A507E031688A0701D512A502E0490703
:1005700004D511A5012401E0FFF7B2FF00210A22F2
:1005800006F1240709E0B0FBF2FCB0FBF2F302FB3A
:100590001C00303078541846491C0028F3D12346FB
:1005A0002A463046BDE8F04100F033BB00000000B1
:1005B0002D0000002B000000200000002DE9FF5F4F
:1005C00015468A460446DFF8AC80F8440027D8E98F
:1005D00000103E46CDE9001010E03AF816106A46C9
:1005E00002A800F00DFC411C07D02178890603D534
:1005F000E269391891420DD80744761C20788006AC
:1006000002D5E069B84205DDAE42E6DB3AF81600F5
:100610000028E2D1A069C01BA0612046FFF730FF8F
:10062000D8E90010CDE90010002017E03AF81810C2
:100630006A4602A800F0E4FBB0F1FF3F81460BD010
:1006400000250DF1080B05E0D4E901211BF8050098
:1006500090476D1C4D45F7D308F10100B04280462C
:10066000E4DB206A384420622046FFF71FFFBDE824
:10067000FF9F000076DC000030B4002100F124046C
:1006800008E002F00705D208303542EA4372DB0881
:100690006554491C52EA0305F3D10468002310A2F3
:1006A000250708D504F020040C4304D0C4690123B5
:1006B0000CA2641EC46130BC00F0ABBA10B5044695
:1006C00021461068FFF70CFF02462046BDE81040A7
:1006D0000023D1E7D21D22F00701D1E90023CBE7A7
:1006E0000000000030000000F0B40D46018809054C
:1006F00002D5214C7C4402E01F4C7C440E34002186
:1007000000F1240608E002F00F071209E75D42EA53
:1007100003721B097754491C52EA0307F3D102788C
:100720000023120704D5702D06D009B1022311341D
:100730002246F0BC00F06DBA01231034F8E770B522
:1007400004460D4621461068FFF7CAFE02462946B8
:100750002046BDE870400023C6E7D21D22F0070303
:10076000D3E90023C0E70368126843F02003036065
:100770000823C3610023B7E754DB00002DE9F05FD5
:10078000894604464FF0000ADFF874B1FB44C0F814
:1007900020A02046E1688847002874D0252806D08C
:1007A000D4E901219047206A401C2062F1E700262D
:1007B0005F462046E16888472028054607DB312D43
:1007C00005D2781910F8200C08B10643F1E7B007FC
:1007D00001D526F00406C4F81CA00027C4F818A010
:1007E0002A2D09D028460DF0E7F838B304EB870826
:1007F000303DC8F8185019E059F8041B204604EBA6
:1008000087029161E1688847012F054618D1E069A8
:10081000002820DA26F020061DE0D8F8180000EBAA
:10082000800005EB40003038C8F818002046E16829
:10083000884705460DF0C0F80028EED1012F0AD0F8
:100840002E2D08D12046E16888477F1C0546022FDF
:1008500046F02006C4DBA069002803DA404246F0D7
:100860000106A061F00701D026F010066C2D0BD018
:10087000682D09D04C2D39D06A2D35D0742D35D046
:100880007A2D33D016E038E0E1682F4620468847BD
:10089000B842054609D16C2F26D04FF48060E1683C
:1008A000064320468847054604E06C2F1AD04FF4D3
:1008B000807006430DB3A5F14100192802D82035F8
:1008C00046F400664A462946204626604E46FFF713
:1008D00095FC80B101280BD0F61D26F0070000F131
:1008E000080956E74020E4E78020D8E70020D6E753
:1008F00006F104094DE7284652E7206ABDE8F09F5B
:10090000E4DA000040EA010310B59B070FD1042A86
:100910000DD310C808C9121F9C42F8D020BA19BACA
:10092000884201D9012010BD4FF0FF3010BD1AB12F
:10093000D30703D0521C07E0002010BD10F8013B84
:1009400011F8014B1B1B07D110F8013B11F8014BAB
:100950001B1B01D1921EF1D1184610BD40EA0103C4
:10096000024630B59B0710D14FF0013400E008C2B9
:1009700008C91D1B9D4315EAC41FF8D013F0FF01E1
:1009800002F8011B0DD01B0AF8E711F8013B002B00
:1009900002F8013B05D011F8013B002B02F8013BA6
:1009A000F3D130BD10B5431C02E010F8011B71B14A
:1009B0008107FAD14FF0013202C88C1A8C4314EA35
:1009C000C211F9D0C01A0A0603D0C01E10BDC01A49
:1009D00010BD0A0401D0801E10BD0902FCD0401ECB
:1009E00010BD40EA010370B59B072ED14FF00136D0
:1009F000042A2AD308C810C99D1B9D43121F15EA5B
:100A0000C61517D0D8B2E1B2401A50EA056110D12C
:100A100098B2A1B2401A50EA05410AD123F07F40B2
:100A200024F07F41401A50EA052102D1180EA0EBB4
:100A3000146070BDA342DBD018BA21BA884201D934
:100A4000012070BD4FF0FF3070BD0AB9002070BDAD
:100A500010F8013B11F8014B63B1A3420AD1521EB9
:100A600008D010F8013B11F8014B1BB1A34201D192
:100A7000521EEDD1181B70BD032A40F2308010F0D9
:100A8000030C00F0158011F8013BBCF1020F624429
:100A900098BF11F801CB00F8013B38BF11F8013BBA
:100AA000A2F1040298BF00F801CB38BF00F8013B67
:100AB00011F0030300F0C881083AC0F0088051F833
:100AC000043B083A51F804CBA0E80810F5E7121DE2
:100AD0005CBF51F8043B40F8043BAFF30080D20701
:100AE00024BF11F8013B11F801CB48BF11F8012BCD
:100AF00024BF00F8013B00F801CB48BF00F8012BF0
:100B0000704702F0FF0343EA032242EA024200F088
:100B100002B84FF0000200B51346944696462039BD
:100B200022BFA0E80C50A0E80C50B1F12001BFF4A6
:100B3000F7AF090728BFA0E80C5048BF0CC05DF80C
:100B400004EB890028BF40F8042B08BF704748BF5A
:100B500020F8022B11F0804F18BF00F8012B7047CE
:100B600030B44FF0013C50F8042B51F8043BCCFA60
:100B700052F4D51A20D1FCB950F8042B51F8043B9B
:100B8000CCFA52F4D51A17D1B4B950F8042B51F855
:100B9000043BCCFA52F4D51A0ED16CB950F8042BA0
:100BA00051F8043BCCFA52F4D51A05D1002CDAD016
:100BB00030BC4FF00000704729BAB1FA81F111F052
:100BC0001801D1F120008440F2D1CA40CB4012F08C
:100BD000FF0213F0FF0330BCD01A70477047704714
:100BE0007047000010B500F065F9001D10BD00BF92
:100BF000D9CD00000048704708C0012010B5FFF7AC
:100C0000F9FF006810BD10B50446FFF7F3FF04605C
:100C100010BD2DE9F0470D4699469246044600F175
:100C200024080168880604D5E06921F010012160DC
:100C300000E00120A84201DD471B00E00027A16978
:100C40007A1902EB0900081AA0612078C00602D4C4
:100C50002046FFF715FC002608E0D4E901211AF828
:100C600006009047206A401C761C20624E45F4DB4B
:100C70002078C0060AD52046FFF702FC06E0D4E93A
:100C8000012130209047206A401C2062381EA7F1C5
:100C90000107F4DC07E0D4E9012118F805009047CA
:100CA000206A401C2062281EA5F10105F3DC2046C5
:100CB000FFF7FCFB2078000602D50220BDE8F08794
:100CC0000120FBE711680268006A530501D508702E
:100CD0000AE0D30501D5088006E0130603D5C21744
:100CE000C1E9000200E008600120704701694A1C68
:100CF00002610878704700B58FB0CDE9013100215D
:100D0000059105497944CDE9031011466846FFF77E
:100D100035FD0FB000BD0000E5FFFFFFD1E9002366
:100D20009A4202D2531C0B601070704710B5436991
:100D300013B1AFF3008001E0FFF7DBFB012010BD32
:100D4000127800F124010A7000224A700122EDE7B6
:100D500011684FF0FF32E9E710B5436913B1AFF303
:100D6000008001E0FFF72AFC012010BD128800F18D
:100D7000240182840022C2840122EDE711684FF031
:100D8000FF32E9E72DE9F0418046D21D22F007024B
:100D90000025D2E90002F52915A614D0011E72F132
:100DA000000106DA0023D0EB030063EB020211A678
:100DB00008E0D8F800108B0701D50FA602E049071C
:100DC00001D50EA601251146002408F1240704E0F0
:100DD00000F074F830323A55641C50EA0102F7D141
:100DE0002B46324621464046BDE8F041FFF711BF91
:100DF000000000002D0000002B000000200000007B
:100E00002DE9F04116460C460546FFF7EBFE036858
:100E100093F80101012807D0FF2C12D8185D80B18A
:100E200001202C70BDE8F081D3F80701324621463D
:100E300003F20713C7182846BC46BDE8F04100235B
:100E400060474FF0FF30EDE710B5203AC0F00B805F
:100E5000B1E81850A0E81850B1E81850A0E81850B0
:100E6000203ABFF4F5AF5FEA027C24BFB1E8185026
:100E7000A0E8185044BF18C918C0BDE810405FEA88
:100E8000827C24BF51F8043B40F8043B08BF704704
:100E9000D20728BF31F8023B48BF11F8012B28BF09
:100EA00020F8023B48BF00F8012B7047004870470C
:100EB00008C001200048704728C0012030B5B0F1BB
:100EC0000A0271F100034FEA900E4EEA817EB0EB08
:100ED0000E0061EB91014FEA101E4EEA017E10EB0D
:100EE0000E0041EB11114FEA102E4EEA016E10EB8D
:100EF0000E0041EB11214FEA104E4EEA014E10EB6D
:100F00000E0041EB1141401841F100014FEAD000C1
:100F100040EA41704FEAD1014FEA810444EA9074FB
:100F200010EB800544EB01046D1944EB0404521BE3
:100F3000A3414FF0000348BF0A3200D530BD401C2A
:100F400041F1000130BD2DE9FF4F0C461E464FF028
:100F5000FF378BB0D2E90001DDF860800A908A4645
:100F6000C1F30A5505B93D46002108464FF000007F
:100F7000BAF1000F00F4400005DA00EB80004FF4F6
:100F8000400101EA50004FEA9059B9F1010F00DD2C
:100F9000B9460A9850EA4A000ED044F61050A5F21D
:100FA000FF3545432F14B8F1000F1ED07542291E9E
:100FB0001EDDC9F100021CE0B8F1010F4FF0000086
:100FC00001D0302103E0F24305E02154401CB0423F
:100FD000FBDB30460022002121540B99C1F8088028
:100FE000C1E900200FB0BDE8F08FBD1B6D1CDEE72E
:100FF0004A4600DA694206A800F098FB06AB93E87F
:10100000070003AB83E8070050460A990BF0CAFDBE
:101010008DE80700A0F500501F3800900398002DC0
:101020000ADD42F21F014A460844002303A9039047
:1010300068460CF033F809E0A0F500504A461F3826
:10104000002303A9039068460CF03DF88DE80700E3
:101050000004000C03D04FF0FF30410800E01046C0
:10106000B8F1000F03D00022009215461EE0751E55
:1010700005D4FFF723FF303262556D1EF9D5B34614
:101080000122084302D000227F1C04E0207830288F
:1010900001D100227F1E002A099784D01DE0112D66
:1010A00007DAFFF70BFF303262556D1C50EA010280
:1010B000F5D1084302D00098C8B10EE00021681EA7
:1010C00005E0235C625C63542254401E491C81424B
:1010D000F7DBAB46A81B401E0990002004F80B006C
:1010E0000B98099AC0F80880C0E9002B7AE711260E
:1010F0004FF0000857E72DE9F04F88460446D21D0F
:1011000022F0070191B0D1E90001CDE90A010CF00C
:1011100011F902460B98C00F01D02D2007E020687E
:10112000810701D52B2002E0202101EAC000032A1B
:10113000099001D0072A05DB03464146204600F00E
:10114000B5FA0BE12078800601D5E06900E00620C1
:10115000B8F1650F814606D0B8F1660F18D0B8F126
:10116000670F70D131E00020B9F1110F009001DB61
:10117000112301E009F101030AAA01A90CA8FFF754
:10118000E2FEDDE90C70002609F10105834647E027
:1011900001204B4600904FF000470AAA01A90CA875
:1011A000FFF7D1FEDDE90DB00C995D46002610B9C0
:1011B00009F101000D18B9EB050003D4C0F1FF36A9
:1011C00009F10105A5EB09002BE0B9F1010F01DAE6
:1011D0004FF001090020B9F1110F0090484601DDE0
:1011E000112300E003460AAA01A90CA8FFF7ABFEF1
:1011F000DDE90C704D4600268346207800070AD4AE
:10120000AB4500DA5D4601A8012D04DD411911F856
:10121000011C302907D04F4502DA17F1040F04DA18
:10122000012082460FE06D1EEEE7002F02DCED1B71
:101230003E4403E0781CA84200DD7D1CB81B00F191
:10124000010A4FF000472078000703D4AA4501DBCC
:101250004FF0FF3A0021B7F1004F0DF143088DF830
:10126000431024D002202B23002F01DA7F422D23AC
:101270000A21021EA0F1010000DC5FB197FBF1FC26
:1012800097FBF1F201FB1C7C17460CF1300C08F8BF
:1012900001CDEEE7A8F1010003702188090501D511
:1012A000452100E06521A0F1010800F8011C099822
:1012B0000FA9A1EB0807FF1D00B10120411901EBA7
:1012C000EA70A1693844081A401EA0612078C0065F
:1012D00002D42046FFF7D4F8099828B1D4E90121B7
:1012E0009047206A401C20622078C00622D5204604
:1012F000FFF7C6F81EE0002E04DBB34502DD01A8AF
:10130000805D00E03020D4E901219047206A401C34
:101310002062761CAAF101005FEA000A0AD1FFF7F9
:10132000C9FDC0680168405CD4E901219047206A8A
:10133000401C2062281EA5F10105DCDC07E0D4E991
:10134000012118F8010B9047206A401C2062381ECA
:10135000A7F10107F3DC2046FFF7A8F8032011B03E
:1013600041E600002DE9F04F04460D46D21D22F063
:10137000070089B0D0E90097484639460BF0DAFFFC
:101380000246F80F01D02D2307E02068810701D520
:101390002B2302E0202101EAC0038DF820300BB19D
:1013A000012000E00020032A824601D0072A04DB46
:1013B0002946204600F07AF93FE12078800601D4E2
:1013C0000D2500E0E569C7F30A560D2D49DA002125
:1013D0004FEA175B08464FF00000002F00F4400072
:1013E00007DA00EB80004FF4400100EBD07001EA17
:1013F00060008115012901DD4FF0FF3100224FEA25
:10140000850CBCF1180F06D31346ACF118004FF051
:101410008052C24003E04FF4801323FA0CF30CF126
:101420000C0CBCF1200F04D3ACF1200C09FA0CF029
:1014300001E007FA0CF000294FF0004801DD18B96F
:101440000FE00ED140450CD319EB02095F4121B9E1
:10145000404502D19F4329EA0209BBEB175F00D048
:10146000761C2088000502D57B48784402E07A4843
:101470007844193808AA302302F80A30037C0AF1AC
:101480000101002E0AF1020A53546A4602DC4FF0B1
:10149000300101E04FF031014FF001088DF80010EC
:1014A00002D0A6F2FF3603E059EA470100D06B4EA6
:1014B000002D02DC2178090704D54FF002082E2107
:1014C0008DF80110C44600210BE0C7F303433F0130
:1014D000C35C491C6D1E02F80830052908F101089B
:1014E00001DA002DF1DC00210CE000EB1973491C3E
:1014F0001B786D1E082902F808304FEA091908F117
:10150000010801DA002DF0DC21688B0602D516E017
:10151000A8F10108E04505DD02EB080313F8013CE2
:10152000302BF5D0B8F1000F09DD02EB080313F8FA
:10153000013C2E2B03D1090701D4A8F10108002D8D
:1015400005DD3E2102F808106D1E08F10108407CFF
:10155000002E02F8080008F1010804DA2D20764276
:1015600002F8080002E02B2002F808000A214FF4DC
:101570007A70864208F101080BDB96FBF0F33033FA
:1015800002F8083096FBF0F308F1010800FB13663F
:1015900001E0642E0CDB642096FBF0F3303302F89C
:1015A000083096FBF0F308F1010800FB136601E038
:1015B0000A2E06DB96FBF1F0303002F8080008F145
:1015C000010896FBF1F001FB1060303002F80800D2
:1015D000A16908F1010808EB050202EB0A00081AEC
:1015E000A0612078C00602D42046FEF749FF216A98
:1015F00008AE01EB0A00206204E0D4E9012116F8EC
:10160000010B9047BAF1010AF7D22078C00602D543
:101610002046FEF735FF6E4609E016F8010B3E281E
:101620000FD0D4E901219047206A401C2062B8F114
:101630000108F2D22046FEF739FF09B00320BDE8C9
:10164000F08F206A2844206203E0D4E90121302091
:1016500090476D1EEBD3F8E78DCE000002FCFFFF34
:101660007546FFF723FCAE4605006946534620F059
:101670000700854618B020B5FEF73AFEBDE82040C9
:101680004FF000064FF000074FF000084FF0000B3E
:10169000AC46ACE8C009ACE8C009ACE8C009ACE8AD
:1016A000C00921F007018D46704700002DE9F04187
:1016B0001F46044603260168072A01F4006004DB84
:1016C00008B116A505E016A503E008B115A500E0D0
:1016D00015A521F010002060A069C01EA0610FB107
:1016E000401EA0612046FEF7CBFE4FB1D4E9012198
:1016F00038469047206A401C2062C01C206206E0E9
:10170000206AFAE7D4E9012115F8010B9047761E0B
:10171000F8D22046FEF7CAFEBDE8F0814E414E00E9
:101720006E616E00494E4600696E66002DE9F04715
:10173000814616468AB0354878440DC88DE80D00BC
:1017400032487844801C03AC0DC884E80D0041F693
:101750009B300844372190FBF1F290FBF1F5A5F1A5
:10176000800501FB12041B3C02D56442012000E00D
:101770000020DFF898A080460027FA44AAF1BE0AAC
:101780000EE0E0070AD03246684607EB4701012326
:101790000AEB81010BF097FC8DE8070064107F1CB9
:1017A000002CEED1194F7F44AE3F19E0E80715D069
:1017B00007EB04100DF1180A90E80E008AE80E00FD
:1017C000C068F04201D1981908903246012306A959
:1017D00003A80BF078FC03AB83E807006D10641CD2
:1017E000002DE3D14FF0010332466946B8F1000FF6
:1017F00003A802D00BF052FC01E00BF064FCC9E935
:101800000001C9F808200AB0BDE8F08750CC0000FC
:1018100010B50446AFF300802046BDE81040FEF747
:1018200052BD000001491820ABBEFEE726000200B1
:10183000704700004CF2BC10C2F201000178002990
:1018400008BF704746F20C41C4F2020151F8082C5F
:10185000120506D54FF400620A60002202700122D0
:1018600042704FF4E860086070470000FEE7000037
:1018700010B504F0EBFC4CF21C14C2F20104E06061
:10188000A0780D2801D00A280AD12078E8B1607824
:10189000D8B920780021204401740120607014E040
:1018A000617891B92178262906D821784A1C2144EB
:1018B0002270087409E000BF00202070A06820B1E9
:1018C00005A11622642306F065FCA068A11C012274
:1018D000BDE8104006F006BC45525220636F6D6DA6
:1018E000616E6420746F6F206C6F6E670D0A00006C
:1018F0004CF21C11C2F201018868002808BF704731
:101900000231012206F0EEBB4CF2B400C2F201003B
:1019100000218180C18001810180017480F828103C
:10192000704700002DE9F04192B04FF0010678B108
:101930004CF2B408C2F20108D8F80C4044B1074692
:10194000FFF730F80546423810F1410F04D2012666
:10195000304612B0BDE8F08101AE304639462A4625
:10196000FFF78AF8022D08D3A81910F8021C0D29D8
:1019700003D110F8010C0A2803D040F60D20705353
:10198000023598F800000B2804D90126304612B021
:10199000BDE8F0813A7840F2407C0026002AC2F28D
:1019A000000C61D000EB40030CF83320797800295B
:1019B0005CD00CEBC3025170B978002958D09170FB
:1019C000F978002956D0D1703979002954D0117195
:1019D0007979002952D05171B979002950D091718B
:1019E000F97900294ED0D171397A00294CD0117281
:1019F000797A00294AD05172B97A002948D0917277
:101A0000F97A002946D0D172397B002944D011736C
:101A1000797B002942D05173B97B002940D0917362
:101A2000F97B00293ED0D173397C00293CD0117458
:101A3000797C00293AD05174B97C002938D091744E
:101A4000F97C002936D0D174397D002934D0117544
:101A5000797D002932D05175B97D00291ABF917561
:101A6000172216222BE000BF002228E0012226E0E8
:101A7000022224E0032222E0042220E005221EE0CC
:101A800006221CE007221AE0082218E0092216E0CC
:101A90000A2214E00B2212E00C2210E00D220EE0CC
:101AA0000E220CE00F220AE0102208E0112206E0CC
:101AB000122204E0132202E0142200E0152200EBBF
:101AC00040010CEBC10101308E5488F80000B8F8D9
:101AD0000600AAB20130A8F8060001A92046C823D2
:101AE00006F058FB00283FF433AFB8F80600012693
:101AF0000138A8F8060098F80000013888F80000BE
:101B0000304612B0BDE8F08183B010B581B00DF160
:101B10000C0C40F25C048CE80E00C2F20004617907
:101B200009290DD802464CF2A830C2F2010003ABDD
:101B300000EB411020210093FEF764FC1F2805D91B
:101B4000002001B0BDE8104003B07047607901305B
:101B50006071012001B0BDE8104003B07047000083
:101B60002DE9F04385B030B10FF254510422044600
:101B7000FEF737FF20B10024204605B0BDE8F08312
:101B80000FF244512046FEF7EBFF40F25C07C2F231
:101B90000007797850B1A9B14EF29C504EF29351A2
:101BA000C0F60000C0F6000182E200BF002943D069
:101BB0004EF29C504EF23451C0F60000C0F60001C7
:101BC00076E200BF0FF20C512046FEF7C9FF002855
:101BD00060D00FF20C5120460722FEF702FF0028CA
:101BE0006ED00FF204512046FEF7BAFF002800F035
:101BF000C5800FF2005120460A22FEF7F2FE0028AF
:101C000000F018810FF2F84120460922FEF7E9FEA4
:101C1000002800F069810FF2F44120460A22FEF705
:101C2000E0FE002800F0C4814EF29C50C0F6000097
:101C30000FF2E4413CE200BF387800285AD0411E40
:101C4000032900F003025FD200210020002A00F0E7
:101C5000DE8029B10A2803D86B462C261E54013099
:101C60000A2805D87B181B7D6E463033335401306B
:101C7000012A00F0CC800A2800F2AE806B462C26A8
:101C80001E5401300A2840F2AA80022A40F0B08097
:101C9000BDE000BF0020B880F8704EF27650C0F66C
:101CA0000000FFF731FF002800F0F281032001213E
:101CB0000022012400F0F0FA204605B0BDE8F083D0
:101CC000E01D6946012200F055FA002800F0A880C6
:101CD0000098002800F0A480042800F2A18040F2BF
:101CE0000801C2F2000108700124204605B0BDE8D9
:101CF000F08300BF4EF29C504EF28D51C0F60000B2
:101D0000C0F60001D4E100BF00F0FC0300216E46E4
:101D10002C25002003E000BF04318B4296D019B17E
:101D20000A289CBF355401300A2804D87C18247D29
:101D30003034345401300A289CBF355401300A280D
:101D400004D87C18647D3034345401300A289CBF98
:101D5000355401300A2804D87C18A47D303434541A
:101D600001300A289CBF355401300A28D4D87C1889
:101D7000E47D303434540130CEE700BF40F2080433
:101D80000020C2F20004B8802178F8704EF2AC5006
:101D9000C0F60000FFF7B8FE002800F07981207837
:101DA0003844C079012819BF4EF21150C0F6000026
:101DB0004EF22750C0F60000FFF7A6FE002800F004
:101DC00067812178C819C279022000F065FA0124E0
:101DD000204605B0BDE8F0830A283FF656AF4B1CFD
:101DE0003B441B7D6E46303333540130022A0ED003
:101DF0000A2803D86A462C23135401300A2806D82F
:101E000002313944097D6A46303111540130694646
:101E100000220A544EF29C50C0F6000048E100BF78
:101E20004EF29C504EF24851C0F60000C0F6000140
:101E30003EE100BF04F10A006946022200F09AF96F
:101E4000002847D0009C43F6FF50CFF214402118E1
:101E5000013081423ED3019DB5F5806F3AD200201A
:101E6000B880F8704EF27F50C0F60000FFF74CFECD
:101E7000002800F00D8140F20806C2F20006317819
:101E80004EF2AC50C0F60000FFF73EFE002800F016
:101E9000FF804EF2BA50C0F600002946FFF734FE2C
:101EA000002800F0F5804EF20850C0F60000FFF761
:101EB0002BFE002800F0EC804EF2DC50C0F6000053
:101EC0002146FFF721FE002800F0E2803178012052
:101ED000EEE600BF4EF29C504EF26151C0F600009B
:101EE000C0F60001E4E000BF04F1090069460322E6
:101EF00000F040F9002851D0009D43F6FF50CFF28A
:101F0000144029180130814248D3019C002C45D04F
:101F10004CF20020C0F6EB3084423FD8029EB6F56A
:101F2000806F3BD20020B880F8704EF21A50C0F695
:101F30000000FFF7E9FD002800F0AA8040F2080742
:101F4000C2F2000739784EF2AC50C0F60000FFF73D
:101F5000DBFD002800F09C804EF2BA50C0F6000075
:101F60003146FFF7D1FD002800F092804EF2C450B8
:101F7000C0F600002946FFF7C7FD002800F0888062
:101F80004EF2D050C0F600002146FFF7BDFD0028FC
:101F90007ED03978012002228BE600BF4EF29C50A1
:101FA0004EF24F51C0F60000C0F6000180E000BFC5
:101FB00004F10A006946052200F0DCF800286FD021
:101FC000009C43F6FF50CFF21440211801308142AB
:101FD00066D3019E002E63D04CF20020C0F6EB3099
:101FE00086425DD8DDF80890B9F1000F58D08145E0
:101FF00056D8039D002D53D042F20F7085424FD822
:10200000DDF81080B8F5806F4AD20020B880F870F3
:1020100044A0FFF779FDD8B340F20807C2F20007E9
:1020200039784EF2AC50C0F60000FFF76DFD78B382
:1020300040A02146FFF768FD50B342A03146FFF7AC
:1020400063FD28B343A04146FFF75EFD00B345A002
:102050004146FFF759FDD8B14EF2A150C0F600003D
:102060002946FFF751FD98B14EF2E750C0F6000047
:102070004946FFF749FD58B14EF23C50C0F600000A
:10208000FFF742FD20B139780120012211E600BF9F
:1020900000F0EAF80124204605B0BDE8F08300BF57
:1020A0004EF29C504EF25751C0F60000C0F60001AF
:1020B00007F04AFE0124204605B0BDE8F08300BFCA
:1020C0004444533A000000004444533A53544154AA
:1020D000555300004444533A5245534554000000C0
:1020E0004444533A43483A004444533A53544F50BB
:1020F000000000004444533A504F494E543A000007
:102100004444533A46534B323A0000004444533A55
:1021100053574545503A00004444535F434D445F94
:102120004552520041542B4D4F44452B5357454582
:102130005000000041542B53544152544652452BF9
:10214000256C750041542B454E444652452B256C59
:102150007500000041542B5354415254414D502BB3
:102160002575000041542B454E44414D502B25759B
:102170000000000070B582B349F6991E4FF0000CC4
:10218000C1F6991E0478A4F13003092B2AD8013036
:1021900000230025754525D805EB850504EB45058D
:1021A00010F8014B303DA4F130060A2E03F1010373
:1021B000F0D31B0616D041F82C500CF1010C9445BD
:1021C000A0F1010306D21B782C2B0BD19445D9D159
:1021D00003E000BF18469445D4D10078B0FA80F0EF
:1021E000400970BD002070BDB0B5FFF78DFB40F217
:1021F0005C04C2F200040025E57004F027F82179A0
:1022000062792061914208D24CF2A830C2F20100FA
:1022100000EB4110FFF786FB90B1FFF775FB4EF224
:102220009C504EF26B51A580E570C0F60000C0F6E0
:102230000001A4F80150BDE8B04007F085BD00BF23
:10224000A07803280FD12079002818BFB0BDFFF770
:102250005BFB2079013020710120E07003F0F6FF74
:1022600000F5FA70E060B0BD80B5FFF74DFB40F2BD
:102270005C02C2F2000200234EF29C504EF26B51FF
:102280009380D370C0F60000C0F60001A2F80130C0
:10229000BDE8804007F058BD10B540F25C04C2F2C2
:1022A00000046379B3B1A070E171A27103F0CEFFB5
:1022B0002061012060704EF29C504EF23451C0F605
:1022C0000000C0F6000107F03FFDBDE81040FFF739
:1022D0008BBF00BFFFF718FB00224EF29C504EF25E
:1022E0006B51A280E270C0F60000C0F60001A4F8B5
:1022F0000120BDE8104007F027BD0000B0B54CF24A
:10230000B405C2F20105A978E8780A2910D1C8B14C
:10231000411991F847200D2A18D1013855FA80F15A
:10232000002210F0FF0F81F8482012D1FEE100BF1B
:102330001E2800F2FB81421C2844EA7080F84810F5
:10234000F6E100BF002085F84800EFE1002081F8A9
:10235000480005F148040FF2EC3120460322FEF755
:10236000D1FA002800F084804EF20251C0F600013C
:1023700020460522FEF7C6FA002840F0C8812889C9
:102380000130288129786878884280F0AA8040F25C
:10239000407300EB4001C2F2000313F8312000202B
:1023A000002A71D003EBC1014B782A74002B6DD049
:1023B0008A786B74002A6BD0CB78AA74002B69D012
:1023C0000A79EB74002A67D04B792A75002B65D007
:1023D0008A796B75002A63D0CB79AA75002B61D0FE
:1023E0000A7AEB75002A5FD04B7A2A76002B5DD0F3
:1023F0008A7A6B76002A5BD0CB7AAA76002B59D0EA
:102400000A7BEB76002A57D04B7B2A77002B55D0DE
:102410008A7B6B77002A53D0CB7BAA77002B51D0D5
:102420000A7CEB77002A4FD04B7C85F82020002BCC
:102430004CD08A7C85F82130002A49D0CB7C85F8A5
:102440002220002B46D00A7D85F82330002A43D075
:102450004B7D85F82420002B40D0897D85F82530E0
:1024600000291ABF85F826101721162137E000BF72
:10247000A8880130A880E888002800F05181E88809
:102480000138E8804CE100BF002128E0012126E06E
:10249000022124E0032122E0042120E005211EE0A6
:1024A00006211CE007211AE0082118E0092116E0A6
:1024B0000A2114E00B2112E00C2110E00D210EE0A6
:1024C0000E210CE00F210AE0102108E0112106E0A6
:1024D000122104E0132102E0142100E01521294417
:1024E000087495F848100020002900F0CD8095F878
:1024F000492085F82810002A00F0C88095F84A1075
:1025000085F82920002900F0C38095F84B2085F834
:102510002A10002A00F0BE8095F84C1085F82B2078
:10252000002900F0B98095F84D2085F82C10002A7C
:1025300000F0B48095F84E1085F82D20002900F0A9
:10254000AF8095F84F2085F82E10002A00F0AA8061
:1025500095F8501085F82F20002900F0A58095F8F7
:10256000512085F83010002A00F0A08095F8521014
:1025700085F83120002900F09B8095F8532085F8DC
:102580003210002A00F0968095F8541085F8332018
:10259000002900F0918095F8552085F83410002A24
:1025A00000F08C8095F8561085F83520002900F051
:1025B000878095F8572085F83610002A00F0828031
:1025C00095F8581085F83720002900F07D8095F89F
:1025D000592085F83810002A00F0788095F85A10B4
:1025E00085F83920002900F0738095F85B2085F884
:1025F0003A10002A00F06E8095F85C1085F83B20B8
:10260000002969D095F85D2085F83C10002A65D036
:1026100095F85E1085F83D20002961D095F85F207F
:1026200085F83E10002A5DD095F8601085F83F20AF
:10263000002959D095F8612085F84010002A55D01E
:1026400095F8621085F84120002951D095F8632053
:1026500085F84210002A4DD095F8641085F8432083
:10266000002949D095F8652085F84410002A45D006
:1026700095F8661085F8452000291ABF85F84610A0
:102680001F211E213BE000BF002138E0012136E080
:10269000022134E0032132E0042130E005212EE064
:1026A00006212CE007212AE0082128E0092126E064
:1026B0000A2124E00B2122E00C2120E00D211EE064
:1026C0000E211CE00F211AE0102118E0112116E064
:1026D000122114E0132112E0142110E015210EE064
:1026E00016210CE017210AE0182108E0192106E064
:1026F0001A2104E01B2102E01C2100E01D212944D5
:1027000081F82800E88810B1E8880138E8804EF2A6
:102710000251C0F6000120460522FEF7F3F828B961
:102720002978687888423CBF013068700020E870E2
:10273000E868002808BFB0BDA91C0122BDE8B04070
:1027400005F0D0BC4F4B000040F26850C2F20000D0
:1027500003F0A2BA4CF22820C2F2010003F09CBAA6
:1027600040F20850C2F2000003F096BA80B5FFF7BD
:1027700061F8BDE8804000F007B800007047000035
:1027800072B600BFFEE7000046F20440C4F2020049
:1027900002684CF2541112F4507FC2F2010103D0CE
:1027A00002314FF4746205E0120558BF70470131E1
:1027B0004FF4006282600020C4F20100C26822F47B
:1027C0008072C260026822F001020260012008707B
:1027D0007047000010B528B101680022C4F2010260
:1027E000914201D0012010BD4CF25411C2F20101FE
:1027F000002488600C704C708C70442001210022F1
:1028000003F0AEFD442003F09BFD204610BD000008
:1028100048F6E411C2F20101086070472DE9F04F5B
:10282000A7B0002900F00E810446002800F00A81BC
:1028300048F6E41BC2F2010BDBF80000002800F0B0
:10284000018115460E46069380A118224FF4FA73B3
:1028500005F0A0FCA06844F6D357C1F26207A0FBC4
:102860000712D4E9003192094FF47A78059502FBFA
:1028700018050DF11C0ACDE900127BA250468021FB
:102880000295FDF7DDFDDBF800405046FEF78AF8C3
:1028900082B2204651464FF4FA7305F07BFC306853
:1028A0004DF68369C4F21B39A0FB0912A0FB070196
:1028B0008809A0FB0703900C9A0902FB08F24EF26C
:1028C0005E64F568C2EB91110122C0F600048DE848
:1028D000070050468021224601230395FDF7B0FDF5
:1028E000DBF800505046FEF75DF882B228465146AC
:1028F0004FF4FA7305F04EFC70683569A0FB0912BD
:10290000A0FB07018809A0FB0703900C9A0902FBB2
:1029100008F2C2EB911102228DE807005046802197
:10292000224602230395FDF78BFDDBF8005050464D
:10293000FEF738F882B22846059D51464FF4FA73E7
:1029400005F028FCB068A0FB0912A0FB070188096C
:10295000A0FB0703900C9A0902FB08F27769C2EB0F
:10296000911103228DE8070050468021224603235F
:102970000397FDF765FDDBF800405046FEF712F8BF
:1029800082B2204651464FF4FA7305F003FC4EF232
:102990007D684EF28269C0F60008C0F600091DB3DA
:1029A000DBF800003BA105224FF4FA7305F0F2FBBF
:1029B0006E1EFF2707AC00BF16F8013F4A462046AF
:1029C0008021012F08BF4246FDF73AFDDBF8005099
:1029D0002046FDF7E7FF82B2284621464FF4FA73FE
:1029E00005F0D8FB013FE7D1069C1CB3DBF80000E3
:1029F0002AA109224FF4FA7305F0CCFB661EFF27CB
:102A000007AC00BF16F8013F4A4620468021012F3F
:102A100008BF4246FDF714FDDBF800502046FDF7E5
:102A2000C1FF82B2284621464FF4FA7305F0B2FB8B
:102A3000013FE7D1DBF800001BA10F224FF4FA732E
:102A400005F0A8FB27B0BDE8F08F00BF3D3D3D205D
:102A5000472D5369676E616C204672616D65203D3C
:102A60003D3D0D0A000000005570703D256C75203D
:102A70006D56202055726D733D256C75206D562066
:102A80002066313D256C752E2530336C7520487AD3
:102A90000D0A0000574156453A0000005350454387
:102AA0005452554D3A0000003D3D3D20456E642096
:102AB0003D3D3D0D0A0D0A002DE9F04F81B02DED91
:102AC000108B9EB04CF2541BC2F2010B9BF802001B
:102AD00040B100208BF802008BF800000FF230406C
:102AE00008F0CAFA9BF80100002802F0898544F634
:102AF000D4190020C2F201099FEDF71A9FEDF72AC1
:102B00009FEDF73A9FEDF79A9FEDF7AA8BF801003A
:102B1000A9F110004FF40051B1EE04BA028C92FA00
:102B2000A2F2120D00EE102AB8EE400A39EE400A69
:102B300020EE0B0A20EE0A0AB4EE430AF1EE10FA78
:102B4000B4EE420AB8BFB0EE403AF1EE10FAC8BF98
:102B5000B0EE402A428C20EE000A92FAA2F2120D48
:102B600030EE010A01EE102AB8EE411A39EE411A90
:102B700021EE0B1A21EE0A1AB4EE431AF1EE10FA06
:102B8000B4EE421AB8BFB0EE413AF1EE10FAC8BF47
:102B9000B0EE412A828C21EE011A92FAA2F2120DB5
:102BA00031EE000A01EE102AB8EE411A39EE411A50
:102BB00021EE0B1A21EE0A1AB4EE431AF1EE10FAC6
:102BC000B4EE421AB8BFB0EE413AF1EE10FAC8BF07
:102BD000B0EE412AC28C21EE011A92FAA2F2120D35
:102BE00031EE000A01EE102AB8EE411A39EE411A10
:102BF00021EE0B1A21EE0A1AB4EE431AF1EE10FA86
:102C0000B4EE421AB8BFB0EE413AF1EE10FAC8BFC6
:102C1000B0EE412A028D21EE011A92FAA2F2120DB3
:102C200031EE000A01EE102AB8EE411A39EE411ACF
:102C300021EE0B1A21EE0A1AB4EE431AF1EE10FA45
:102C4000B4EE421AB8BFB0EE413AF1EE10FAC8BF86
:102C5000B0EE412A428D21EE011A92FAA2F2120D33
:102C600031EE000A01EE102AB8EE411A39EE411A8F
:102C700021EE0B1A21EE0A1AB4EE431AF1EE10FA05
:102C8000B4EE421AB8BFB0EE413AF1EE10FAC8BF46
:102C9000B0EE412A828D21EE011A92FAA2F2120DB3
:102CA00031EE000A01EE102AB8EE411A39EE411A4F
:102CB00021EE0B1A21EE0A1AB4EE431AF1EE10FAC5
:102CC000B4EE421AB8BFB0EE413AF1EE10FAC8BF06
:102CD000B0EE412AC28D21EE011A92FAA2F2120D33
:102CE00031EE000A01EE102AB8EE411A39EE411A0F
:102CF00021EE0B1A21EE0A1AB4EE431AF1EE10FA85
:102D0000B4EE421AB8BFB0EE413AF1EE10FAC8BFC5
:102D1000B0EE412A21EE011A31EE001A083900F115
:102D200010007FF4FBAE4FF07E5A0EAA01204FF444
:102D300000518DED053A8DED062A8DED071ACDF87F
:102D400038A009F0B9FB9DED0E0A40F66008C2F20A
:102D50000008B5EE400AA8F10804002715AD0026CA
:102D6000F1EE10FAD8BFCDF838A000BF09EB46004D
:102D7000008A314690FAA0F0000D00EE100AB8EE7D
:102D8000400A39EE400A20EE0B0A01204FF40052AF
:102D90002B4620EE0A8ACDF854A009F0D9FA9DED11
:102DA000150A013620EE080A84ED020AE7600834AD
:102DB000B6F5005FDAD140464FF4005100220026FC
:102DC00008F04EFB40F6281008F11004C2F2010092
:102DD0009FED518A4EF6FC7800F10805C7F6FF78A2
:102DE00041F2010714ED030A14ED041A20EE000A63
:102DF00021EE011A31EE001AB1EEC10AB4EE400A1A
:102E0000F1EE10FA72D69DED0E1A16EA080F21EEB9
:102E1000081A80EE010A06F1010630EE001A08BF1A
:102E2000B0EE401ABE4205ED021A00F0858014EDA6
:102E3000010A14ED021A20EE000A21EE011A31EE09
:102E4000001AB1EEC10AB4EE400AF1EE10FA53D600
:102E50009DED0E1A21EE081A80EE012A94ED010A6A
:102E600094ED001A20EE000A21EE011A31EE001A4C
:102E7000B1EEC10A32EE022A05ED012AB4EE400A93
:102E8000F1EE10FA3ED69DED0E1A21EE081A80EEF4
:102E9000012A94ED030A94ED021A20EE000A21EEB5
:102EA000011A31EE001AB1EEC10A32EE022A85EDA6
:102EB000002AB4EE400AF1EE10FA37D69DED0E1A54
:102EC000203421EE081A80EE010A033630EE000AA3
:102ED00085ED010A103585E700000000CAF249F1CE
:102EE000CAF24971000000450000003AB0EE410A04
:102EF0000AF07CFC87E700BFB0EE410A0AF076FCDE
:102F0000A6E700BFB0EE410A0AF070FCBBE700BFC5
:102F1000444D415F45525200000000460024744A6F
:102F200027D4D2356666663FCDCC8C3FB0EE410AE1
:102F30000AF05CFCC2E700BF40F6FF70009040F66C
:102F400028101FED0A0A0AAFC2F2010041F2010186
:102F50004FF400520123019709F0A6FC9DED0C0AE5
:102F60001FED111A1FED24DA20EE01EA0024F0EE25
:102F70004DDAF0EE4DEAF0EE4DFAB0EE4DBAB0EEAD
:102F80004DCAB0EE4D8AF0EE4DCAF0EE4D9AF0EE1D
:102F90004DAAF0EE4DBA8DED080A00BF00EE104AC2
:102FA000B8EE400A2EEE009AB0EE490A0AF0EEF9A9
:102FB000B0EE40AAB0EE490A0AF050FB09EB440516
:102FC000288A2AEE0A1A31EE0CCA2AEE001A90FA62
:102FD000A0F031EE088A20EE001A000D71EE2CCA26
:102FE00001EE100A1FED412AB8EE411A32EE411AE5
:102FF000F0EE428AB1EE042A21EE021A1FED462AB3
:103000007FEE80FA21EE021A3BEE00BA21EE000AB2
:10301000601C70EE2BBA00EE100AB0EE4EFAB8EE5D
:10302000400A2FEE009A21EE0A2AB7EE00EAB0EE2F
:10303000490A7DEE8ADA7EEE8AEA72EE2AAA79EEF3
:10304000819A3DEE0EDA0AF0A1F9B0EE40AAB0EE98
:10305000490A0AF003FB2AEE0A1A688A31EE0CCA02
:103060002AEE001A31EE081A90FAA0F08DED091A36
:1030700020EE001A000D71EE2CCA01EE100AB8EE17
:10308000411AB0EE68EA38EEC11AF1EE048A1FED7B
:103090006A8A21EE281A21EE081A7FEE80FA3BEEAA
:1030A00000BA21EE000A70EE2BBAB7EE000AA01C9F
:1030B0003DEE00DA00EE100AB8EE400A2FEE009A5C
:1030C00021EE0A2AB0EE490A7DEE8ADA7EEE8AEA1D
:1030D00072EE2AAA79EE819A0AF058F9B0EE40AA67
:1030E000B0EE490A0AF0BAFA2AEE0A1A9DED092A48
:1030F000A88A31EE0CCA2AEE001A31EE021A90FAB2
:10310000A0F08DED091A20EE001A000D71EE2CCA08
:1031100001EE100AB8EE411A3EEE411A21EE281ACD
:1031200021EE081A7FEE80FA3BEE00BA21EE000A8B
:1031300070EE2BBAB7EE000AE01C3DEE00DA00EEAE
:10314000100AB8EE400A2FEE009A21EE0A2AB0EEDD
:10315000490A7DEE8ADA7EEE8AEA72EE2AAA79EED2
:10316000819A0AF013F9B0EE40AAB0EE490A0AF0CB
:1031700075FAE88A2AEE0A1A9DED092A31EE0CCA80
:103180002AEE001A90FAA0F031EE028A20EE001A20
:10319000000D71EE2CCA01EE100AB8EE411A3EEE97
:1031A000411A1FEDAF2A21EE281A21EE021A7FEEF6
:1031B00080FA3BEE00BA21EE000A21EE0A2A70EEF8
:1031C0002BBA0434B7EE000A7DEE8ADA7EEE8AEA84
:1031D00072EE2AAA79EE819AB4F5005F3DEE00DA2C
:1031E000B0EE4FEA7FF4DAAE15A812A90FAA0323B6
:1031F0008DED15DACDED16DACDED18EACDED17FA35
:103200008DED1BBA8DED19CA8DED1C8ACDED1DCA51
:10321000CDED129ACDED13AACDED14BA8DED1A8A2B
:1032200008F0A6FD002800F06D861FEDC20A9DED96
:10323000082A1FEDC31ADDED10EA1FEDD9BA22EE00
:10324000000ADDED0FDADDED11FA1FEDDAFA5FEDC0
:10325000DABA5FEDCD9A8DED030A22EE010AB1EEE6
:103260006E8A0024B0EE4BCAF1EE04CA8DED040A5A
:1032700000EE104AB8EE40DA2EEE0D9AB0EE490A92
:103280000AF084F8B0EE40AAB0EE490A0AF0E6F976
:1032900009EB4405288A2EEE8A1A90FAA0F031EE46
:1032A0002D1A2FEE802A000D32EE011A02EE100ABE
:1032B000B8EE422A3FEE422A22EE2C2A22EE2B2A98
:1032C00032EE411A2FEE8A2A28EE000A30EE020A68
:1032D00020EE0D0A20EE290A21EE001A20EE000A47
:1032E000601C30EE0CCA00EE100AB8EE40DA2EEE8A
:1032F0000D9AB0EE490A31EE0BBA0AF047F8B0EE7B
:1033000040AAB0EE490A0AF0A9F9688A2EEE8A1A94
:1033100090FAA0F031EE2D1A2FEE802A000D32EE39
:10332000011A02EE100AB8EE422A3FEE422A22EEBD
:103330002C2A22EE2B2A32EE411A2FEE8A2A28EE70
:10334000000A30EE020A20EE0D0A20EE290A21EED4
:10335000001A20EE000AA01C30EE0CCA00EE100A83
:10336000B8EE40DA2EEE0D9AB0EE490A31EE0BBA05
:103370000AF00CF8B0EE40AAB0EE490A0AF06EF975
:10338000A88A2EEE8A1A90FAA0F031EE2D1A2FEEAE
:10339000802A000D32EE011A02EE100AB8EE422A1F
:1033A0003FEE422A22EE2C2A22EE2B2A32EE411A3E
:1033B0002FEE8A2A28EE000A30EE020A20EE0D0ACD
:1033C00020EE290A21EE001A20EE000AE01C30EE61
:1033D0000CCA00EE100AB8EE40DA2EEE0D9AB0EEEE
:1033E000490A31EE0BBA09F0D1FFB0EE40AAB0EEB7
:1033F000490A0AF033F9E88A2EEE8A1A90FAA0F008
:1034000031EE2D1A2FEE802A000D32EE011A02EE57
:10341000100AB8EE422A3FEE422A22EE2C2A22EE71
:103420002B2A32EE411A2FEE8A2A28EE000A30EEBD
:10343000020A20EE0D0A20EE290A21EE001A20EEE3
:10344000000A043431EE0BBAB4F5005F30EE0CCA5A
:103450007FF40EAF9FED040AB4EE40CAF1EE10FA0D
:10346000C0F256850AE000BF08E53C1E00000000DF
:10347000000000450000003A27D4D2358BEE0C0A3C
:103480009DED081A1FED07EA0024B0EE4EBAB0EE2B
:103490004ECAF0EE4EAAF0EE4EBAB0EE4E8AF0EE04
:1034A0004ECAF0EE4EDAF0EE4EFAB0EE4EDA31EEF3
:1034B000001A9DED030AB4EE401AF1EE10FAB8BFFF
:1034C000B0EE401A9DED040AB4EE401AF1EE10FA87
:1034D000C8BFB0EE401A21EE290AF0EE4E9A8DEDEB
:1034E000081A8DED090A00BF00EE104A9DED091A79
:1034F000B8EE400A21EE009AB0EE490AF0EE418A99
:1035000009F044FFB0EE40AAB0EE490A0AF0A6F86E
:1035100009EB4405288A2AEE0A1A71EE2BBA2AEE24
:10352000001A90FAA0F031EE088A20EE001A000D81
:1035300071EE2CCA01EE100A5FED33EAB8EE411AC3
:103540003EEEC11AF1EE04EA1FED36FA21EE2E1A14
:1035500021EE0F1A79EE809A7AEE80AA21EE000A07
:10356000601C30EE0DDA00EE100AB8EE400A28EECC
:10357000809A21EE0A2AB7EE00FAB0EE490A3BEE35
:103580000ABA3CEE0ACA72EE2FFA7DEE81DA3EEEFE
:103590000FEAF0EE68EA09F0F9FEB0EE40AAB0EEEC
:1035A000490A0AF05BF8688A2AEE0A1A71EE2BBA09
:1035B0002AEE001A90FAA0F071EE088A20EE001AA6
:1035C000000D71EE2CCA01EE100A1FED57FAB8EE8D
:1035D000411A3FEE411AB1EE042A1FED5A8A21EE3C
:1035E000021A21EE081A79EE809A7AEE80AA21EE6C
:1035F000000A30EE0DDAB7EE000AA01C3EEE00EA3B
:1036000000EE100AB8EE400A2EEE809A21EE0A2A49
:10361000B0EE490A3BEE0ABA3CEE0ACA72EE2FFA45
:103620007DEE81DA09F0B2FEB0EE40AAB0EE490AB2
:103630000AF014F8A88A2AEE0A1A71EE2BBA2AEEBA
:10364000001A90FAA0F071EE288A20EE001A000D00
:1036500071EE2CCA01EE100AB8EE411A3FEE411A83
:10366000B1EE042A21EE021A21EE081A79EE809AB0
:103670007AEE80AA21EE000A30EE0DDAB7EE000AEB
:10368000E01C3EEE00EA00EE100AB8EE400A2EEE14
:10369000809A21EE0A2AB0EE490A3BEE0ABA3CEEC5
:1036A0000ACA72EE2FFA7DEE81DA09F06FFEB0EEF3
:1036B00040AAB0EE490A09F0D1FFE88A2AEE0A1AB8
:1036C00071EE2BBA2AEE001A90FAA0F031EE288A99
:1036D00020EE001A000D71EE2CCA01EE100AB8EEB1
:1036E000411A3FEE411AB1EE042A21EE021A1FEDF3
:1036F0009F2A79EE809A21EE021A7AEE80AA21EEB4
:10370000000A21EE0A2A30EE0DDA0434B7EE000A80
:103710003BEE0ABA3CEE0ACA72EE2FFA7DEE81DA6F
:10372000B4F5005F3EEE00EA7FF4DEAE9DED099A4F
:1037300015A812A90FAA03238DED15EA8DED16BA6F
:103740008DED18CACDED179ACDED1BAACDED19BAA6
:103750008DED1C8ACDED1DCACDED12DACDED13FA3B
:103760008DED14DA8DED1A8A08F002FB002800F0C6
:10377000C983DDED10FA1FEDC3BADDED0FDA9DED63
:1037800011EA1FEDC5FA5FEDC5BA5FEDC59AB1EE5E
:103790006F8A0024B0EE4BCAF1EE04CAF0EE49AADB
:1037A00000EE104AB8EE40DA2AEE8D9AB0EE490AE1
:1037B00009F0ECFDB0EE40AAB0EE490A09F04EFF68
:1037C00009EB4405288A2FEE8A1A90FAA0F031EE10
:1037D0002D1A2EEE002A000D32EE011A02EE100A0A
:1037E000B8EE422A3FEE422A22EE2C2A22EE2B2A63
:1037F00032EE411A2EEE0A2A28EE000A30EE020AB4
:1038000020EE0D0A20EE290A21EE001A20EE000A11
:10381000601C30EE0CCA00EE100AB8EE40DA2AEE58
:103820008D9AB0EE490A31EE0BBA09F0AFFDB0EE59
:1038300040AAB0EE490A09F011FF688A2FEE8A1AF1
:1038400090FAA0F031EE2D1A2EEE002A000D32EE85
:10385000011A02EE100AB8EE422A3FEE422A22EE88
:103860002C2A22EE2B2A32EE411A2EEE0A2A28EEBC
:10387000000A30EE020A20EE0D0A20EE290A21EE9F
:10388000001A20EE000AA01C30EE0CCA00EE100A4E
:10389000B8EE40DA2AEE8D9AB0EE490A31EE0BBA54
:1038A00009F074FDB0EE40AAB0EE490A09F0D6FE68
:1038B000A88A2FEE8A1A90FAA0F031EE2D1A2EEE79
:1038C000002A000D32EE011A02EE100AB8EE422A6A
:1038D0003FEE422A22EE2C2A22EE2B2A32EE411A09
:1038E0002EEE0A2A28EE000A30EE020A20EE0D0A19
:1038F00020EE290A21EE001A20EE000AE01C30EE2C
:103900000CCA00EE100AB8EE40DA2AEE8D9AB0EE3C
:10391000490A31EE0BBA09F039FDB0EE40AAB0EE1B
:10392000490A09F09BFEE88A2FEE8A1A90FAA0F065
:1039300031EE2D1A2EEE002A000D32EE011A02EEA3
:10394000100AB8EE422A3FEE422A22EE2C2A22EE3C
:103950002B2A32EE411A2EEE0A2A28EE000A30EE09
:10396000020A20EE0D0A20EE290A21EE001A20EEAE
:10397000000A043431EE0BBAB4F5005F30EE0CCA25
:103980007FF40EAF9FED040AB4EE40CAF1EE10FAD8
:10399000C0F2BE820AE000BF08E53C1E0000000045
:1039A000000000450000003A27D4D2358BEE0C0A07
:1039B0009DED081A1FED07EA0024B0EE4EBAB0EEF6
:1039C0004ECAB0EE4EDAF0EE4EAAB0EE4E8AF0EEEF
:1039D0004EBAF0EE4ECAF0EE4EDAF0EE4EFA31EE9E
:1039E000001A9DED030AB4EE401AF1EE10FAB8BFCA
:1039F000B0EE401A9DED040AB4EE401AF1EE10FA52
:103A0000C8BFB0EE401A21EE290A8DED090A9DEDDE
:103A100009FAF0EE4E9A8DED081A00BF00EE104A3A
:103A2000B8EE400A2FEE009AB0EE490A09F0AEFC5B
:103A3000B0EE40AAB0EE490A09F010FE09EB4405C9
:103A4000288A2AEE0A1A71EE2AAA2AEE001A90FA99
:103A5000A0F031EE088A20EE001A000D71EE2BBAAC
:103A600001EE100A1FED322AB8EE411A32EE411A69
:103A7000B1EE042A5FED35EA21EE021A21EE2E1A8C
:103A80003DEE00DA79EE809A21EE000A601C70EEBD
:103A90002FFA00EE100AB8EE400A2FEE009A21EE3F
:103AA0000A2AF7EE00EAB0EE490A3BEE0ABA3CEE0B
:103AB0000ACA72EE2DDA7CEE81CA3EEE2EEA09F0D9
:103AC00065FCB0EE40AAB0EE490A09F0C7FD688A6D
:103AD0002AEE0A1A71EE2AAA2AEE001A90FAA0F02B
:103AE00071EE088A20EE001A000D71EE2BBA01EE7D
:103AF000100A5FED55EAB8EE411A3EEEC11AB1EE7A
:103B0000042A1FED588A21EE021A21EE081A3DEE12
:103B100000DA79EE809A21EE000A70EE2FFAB7EE05
:103B2000000AA01C3EEE00EA00EE100AB8EE400AC1
:103B30002FEE009A21EE0A2AB0EE490A3BEE0ABAAD
:103B40003CEE0ACA72EE2DDA7CEE81CA09F01EFC48
:103B5000B0EE40AAB0EE490A09F080FDA88A2AEE2C
:103B60000A1A71EE2AAA2AEE001A90FAA0F071EE53
:103B7000288A20EE001A000D71EE2BBA01EE100A11
:103B8000B8EE411A3EEEC11AB1EE042A21EE021A35
:103B900021EE081A3DEE00DA79EE809A21EE000A55
:103BA00070EE2FFAB7EE000AE01C3EEE00EA00EEDF
:103BB000100AB8EE400A2FEE009A21EE0A2AB0EE63
:103BC000490A3BEE0ABA3CEE0ACA72EE2DDA7CEEE6
:103BD00081CA09F0DBFBB0EE40AAB0EE490A09F059
:103BE0003DFDE88A2AEE0A1A71EE2AAA2AEE001A88
:103BF00090FAA0F031EE288A20EE001A000D71EE46
:103C00002BBA01EE100AB8EE411A3EEEC11AB1EE1F
:103C1000042A21EE021A1FED9D2A3DEE00DA21EE64
:103C2000021A79EE809A21EE000A21EE0A2A70EE3D
:103C30002FFA0434B7EE000A3BEE0ABA3CEE0ACA89
:103C400072EE2DDA7CEE81CAB4F5005F3EEE00EA3A
:103C50007FF4E4AE9DED099A15A812A90FAA0323DB
:103C60008DED15EA8DED16BA8DED18CA8DED17DACA
:103C7000CDED1B9ACDED19AA8DED1C8ACDED1DBAA7
:103C8000CDED12CACDED13DACDED14FA8DED1A8A11
:103C900008F06EF8002800F03581DDED10FA1FED18
:103CA000C1BADDED0FDA9DED11EA1FEDC3FA5FED4C
:103CB000C3BA5FEDC39AB1EE6F8A0024B0EE4BCA6F
:103CC000F1EE04CAF0EE49AA00EE104AB8EE40DA6E
:103CD0002AEE8D9AB0EE490A09F058FBB0EE40AAE0
:103CE000B0EE490A09F0BAFC09EB4405288A2FEE28
:103CF0008A1A90FAA0F031EE2D1A2EEE002A000D4D
:103D000032EE011A02EE100AB8EE422A3FEE422AC3
:103D100022EE2C2A22EE2B2A32EE411A2EEE0A2A0D
:103D200028EE000A30EE020A20EE0D0A20EE290AE3
:103D300021EE001A20EE000A601C30EE0CCA00EEE4
:103D4000100AB8EE40DA2AEE8D9AB0EE490A31EE4A
:103D50000BBA09F01BFBB0EE40AAB0EE490A09F01D
:103D60007DFC688A2FEE8A1A90FAA0F031EE2D1AA7
:103D70002EEE002A000D32EE011A02EE100AB8EE05
:103D8000422A3FEE422A22EE2C2A22EE2B2A32EE43
:103D9000411A2EEE0A2A28EE000A30EE020A20EE20
:103DA0000D0A20EE290A21EE001A20EE000AA01CBE
:103DB00030EE0CCA00EE100AB8EE40DA2AEE8D9A08
:103DC000B0EE490A31EE0BBA09F0E0FAB0EE40AAC3
:103DD000B0EE490A09F042FCA88A2FEE8A1A90FA3E
:103DE000A0F031EE2D1A2EEE002A000D32EE011A4F
:103DF00002EE100AB8EE422A3FEE422A22EE2C2AA8
:103E000022EE2B2A32EE411A2EEE0A2A28EE000A62
:103E100030EE020A20EE0D0A20EE290A21EE001AE9
:103E200020EE000AE01C30EE0CCA00EE100AB8EEDC
:103E300040DA2AEE8D9AB0EE490A31EE0BBA09F05B
:103E4000A5FAB0EE40AAB0EE490A09F007FCE88AEC
:103E50002FEE8A1A90FAA0F031EE2D1A2EEE002ADB
:103E6000000D32EE011A02EE100AB8EE422A3FEEC1
:103E7000422A22EE2C2A22EE2B2A32EE411A2EEE74
:103E80000A2A28EE000A30EE020A20EE0D0A20EE81
:103E9000290A21EE001A20EE000A043431EE0BBA92
:103EA000B4F5005F30EE0CCA7FF40EAF9FED100A40
:103EB000B4EE40CAF1EE10FA2ADB8BEE0C0A9DED4F
:103EC000085AF7EE00FA35EE005A9DED030AB4EEFB
:103ED000405AF1EE10FAB8BFB0EE405A9DED040A18
:103EE000B4EE405AF1EE10FAC8BFB0EE405A13E0FB
:103EF00008E53C1E000000450000003ADB0FC94009
:103F00000024744A1FED05FA5FED05BAF1EE04CA0C
:103F10009DED085AF7EE00FA1FED084A35EE050A46
:103F2000B0EE081A1FED0A3A40F6600525EE011AB8
:103F300020EE040AC2F2010525EE042AC0EE03EACF
:103F400021EE040A00262846C42182EE038AC0EE30
:103F500003DA8DED0C5ACBE90366CBE90566CBE9B4
:103F60000766CBF82460FCF7D4FD00BF09EB4600E0
:103F7000008A90FAA0F0000D00EE100AB8EE400A98
:103F80003FEE400A60EE2C9A00EE106AB8EE40EA6E
:103F900028EE0E9AB0EE490A09F0F8F9B0EE40DAD0
:103FA000B0EE490A09F05AFB2EEE8E9AB0EE40CAE6
:103FB000B0EE490A09F0EAF9B0EE40BAB0EE490AAB
:103FC00009F04CFB2DEE8EEAB0EE40AAB0EE4E0AA0
:103FD00009F0DCF9B0EE409AB0EE4E0A09F03EFB73
:103FE0009BED032A29EEAB1A31EE022A8BED032A50
:103FF00095ED002A95ED013A32EE2F2A85ED002A43
:104000003DEE032A95ED073A95ED024A85ED012A2A
:104010003DEE032A95ED0E3A95ED035A85ED072AFC
:104020003CEE042A85ED022A3CEE032A95ED153A72
:1040300085ED0E2A3BEE052A85ED032A3BEE032A89
:1040400095ED043A85ED152A3AEE032A95ED1C3AD2
:1040500085ED042A3AEE032A95ED053A85ED1C2AF2
:1040600039EE032A95ED233A85ED052A39EE032A28
:1040700095ED063A85ED232A30EE032A95ED2A3A8E
:1040800085ED062A30EE032A85ED2A2A9BED042AC7
:104090002DEE013A33EE022A8BED042A95ED082A23
:1040A0002DEE0D3A33EE022A85ED082A95ED092A08
:1040B0002DEE0C3A95ED0F4A33EE022A85ED092AD2
:1040C00033EE042A85ED0F2A95ED0A2A2DEE0B3AE0
:1040D00095ED164A33EE022A85ED0A2A33EE042ABC
:1040E00085ED162A95ED0B2A2DEE0A3A95ED1D4A1F
:1040F00033EE022A85ED0B2A33EE042A85ED1D2AC4
:1041000095ED0C2A2DEE093A95ED244A33EE022A5C
:1041100085ED0C2A33EE042A85ED242A95ED0D2A2F
:104120002DEE003A95ED2B4A33EE022A85ED0D2A4D
:1041300033EE042A85ED2B2A9BED052A2CEE013A5D
:1041400033EE022A8BED052A95ED102A2CEE0C3A5F
:1041500033EE022A85ED102A95ED112A2CEE0B3A4A
:1041600095ED174A33EE022A85ED112A33EE042A23
:1041700085ED172A95ED122A2CEE0A3A95ED1E4A86
:1041800033EE022A85ED122A33EE042A85ED1E2A2B
:1041900095ED132A2CEE093A95ED254A33EE022AC5
:1041A00085ED132A33EE042A85ED252A95ED142A90
:1041B0002CEE003A95ED2C4A33EE022A85ED142AB6
:1041C00033EE042A85ED2C2A9BED062A2BEE013ACC
:1041D00033EE022A8BED062A95ED182A2BEE0B3AC8
:1041E00033EE022A85ED182A95ED192A2BEE0A3AAC
:1041F00095ED1F4A33EE022A85ED192A33EE042A83
:1042000085ED1F2A95ED1A2A2BEE093A95ED264ADF
:1042100033EE022A85ED1A2A33EE042A85ED262A8A
:1042200095ED1B2A2BEE003A95ED2D4A33EE022A2E
:1042300085ED1B2A33EE042A85ED2D2A9BED072AF6
:104240002AEE013A33EE022A8BED072A95ED202A59
:104250002AEE0A3A33EE022A85ED202A95ED212A2C
:104260002AEE093A95ED274A33EE022A85ED212AF6
:1042700033EE042A85ED272A95ED222A2AEE003A0C
:1042800095ED2E4A33EE022A85ED222A33EE042ADA
:1042900085ED2E2A9BED082A29EE013A33EE022AFB
:1042A0008BED082A95ED282A29EE093A33EE022AE9
:1042B00085ED282A95ED292A29EE003A95ED2F4A19
:1042C00033EE022A85ED292A33EE042A85ED2F2AC2
:1042D0009BED092A20EE011A31EE021A8BED091A24
:1042E00095ED301A20EE000A013630EE010AB6F5DF
:1042F000005F85ED300A7FF439AE40F660000BF1C7
:104300000C01C2F2010015AA072307F031FD58B3D2
:104310009DED170A9DED161A8DED080A20EE000A94
:104320008DED091A21EE011A31EE001AB1EEC10A23
:1043300040F62818C2F20108B4EE400AF1EE10FA75
:1043400081F16A819FED261A30EE000A9DED15BAC3
:104350009DED188ADDED19BADDED1AAADDED1B9A87
:1043600020EE012A06E000BF9FED1E2A40F6281825
:10437000C2F201089FED1C1A9DED070A9DED063A59
:1043800020EE011AB1EEC10A9DED054A9FED14AA77
:1043900033EE443AB5EE402A23EE0A9AF1EE10FAD3
:1043A000C8BFB0EE429AB4EE400AF1EE10FA81F1C5
:1043B0002D819BF804009DED0C1ADFED0C8A20EE98
:1043C0000A0A58B1411E032900F003011ED29FEDD5
:1043D000052A0022B0EE423A47E000BF00209AE0F2
:1043E00000007A440000000000000039DB0FC940E3
:1043F0000000C842CDCCCC3DCAF249F100007E435A
:10440000DB0F4941E4CB9641CAF249711FED0B2AFB
:104410000BF1540300F0FC070022B0EE423A00BF5B
:1044200013ED0B4A13ED0A5A33EE043A13ED034A27
:1044300053ED020A13ED096A53ED011A32EE042A14
:1044400013ED087AD3ED002A33EE053A32EE202A36
:1044500033EE063A32EE212A043233EE073A32EED8
:10446000222A974203F11003DAD119B30BEB82032E
:1044700093ED0A4A93ED125A33EE043A012932EED3
:10448000052A17D0531C0BEB830393ED0A4A93EDD7
:10449000125A33EE043A022932EE052A0AD0911C50
:1044A0000BEB810191ED0A4A91ED125A33EE043A79
:1044B00032EE052A04EE100AB8EE444A83EE043ABE
:1044C000B4EE6F3AF1EE10FA0CDD39EE435AB5EE68
:1044D000006AB0EEC55A23EE063AB4EE435AF1EE46
:1044E00010FA15DC82EE042A1FED3F3AB4EE432A9F
:1044F000F1EE10FA0FDD1FED414A31EE423AB0EE17
:10450000C33A22EE042AB4EE423AF1EE10FA02DD8A
:104510000020ABF804009BF805104CF2A862C2F230
:1045200001020BEB810302EB8107013183ED0A9A53
:1045300083ED121A01F007014FF0FF3387ED000AF7
:1045400007288BF805109CBF01308BF8040053FA44
:1045500080F3C1B2032B00F0030009D21FED5F0A04
:104560000023B0EE402AB0EE401A002846D17BE08E
:104570001FED640A01F0FC035B4200270026B0EE49
:10458000402AB0EE401A00BF0BEB060595ED0A3A43
:10459000941930EE030A94ED003A95ED0B4A32EE91
:1045A000032A95ED123A94ED017AD5ED132A95ED93
:1045B0000C5AD4ED020AD5ED143A31EE031A95EDFA
:1045C0000D6AD4ED031AD5ED154A30EE040A32EE29
:1045D000072A31EE221A30EE050A32EE202A31EE99
:1045E000231A043F30EE060A32EE212A31EE241A55
:1045F000BB4206F11006C7D17B42A8B30BEB830781
:1046000097ED0A3A02EB830696ED004A30EE030A74
:1046100097ED123A32EE042A012831EE031A23D024
:104620005F1C0BEB870696ED0A3A02EB870730EE2C
:10463000030A97ED003A96ED124A32EE032A022859
:1046400031EE041A10D0981C0BEB800393ED0A3A5C
:1046500002EB800030EE030A90ED003A93ED124A2F
:1046600032EE032A31EE041A03EE101AB8EE433A82
:1046700080EE030A82EE032A81EE031AB6EE003AB8
:1046800040F2CC00C2F20000A0F114065FEDA6EAF1
:104690005FEDA6FA5FEDA6DA5FEDA6CA9DED09DA39
:1046A0009DED08EA002730EE030ABCEEC00A8DED4E
:1046B000120A32EE030ABCEEC00A8DED130A21EE97
:1046C0000A0A30EE030A1FEDB0AABCEEC00A354656
:1046D0008DED140A00EE107AB8EE400A80EE2FFA43
:1046E0002FEE289AB0EE490A08F050FE2DEE000A8F
:1046F00030EE0BCAB0EE490A08F0B0FF2EEE000A09
:104700002FEE2D9A30EE0CCAB0EE490A08F03EFEAC
:1047100028EE000A30EE0CCAB0EE490A08F09EFFFF
:104720002BEE800A2FEE2C9A30EE0CCAB0EE490A1E
:1047300008F02CFE2AEE800A30EE0CCAB0EE490AD0
:1047400008F08CFF781C01EE100AB8EE411A81EED9
:104750002FFA29EE800A30EE0C0AB4EE4A0AF1EE86
:1047600010FAB4EE6E0A85ED050AB8BFB0EE40AAA5
:10477000F1EE10FAC8BFF0EE40EA05F114042FEE96
:10478000289AB0EE490A08F001FE2DEE000A30EE3C
:104790000BCAB0EE490A08F061FF2EEE000A2FEEB8
:1047A0002D9A30EE0CCAB0EE490A08F0EFFD28EE63
:1047B000000A30EE0CCAB0EE490A08F04FFF2BEEAB
:1047C000800A2FEE2C9A30EE0CCAB0EE490A08F09F
:1047D000DDFD2AEE800A30EE0CCAB0EE490A08F080
:1047E0003DFFB81C01EE100AB8EE411A81EE2FFA17
:1047F00029EE800A30EE0C0AB4EE4A0AF1EE10FA05
:10480000B4EE6E0A85ED060AB8BFB0EE40AAF1EE2E
:1048100010FAC8BFF0EE40EA2FEE289AB0EE490A2F
:1048200008F0B4FD2DEE000A30EE0BCAB0EE490AD6
:1048300008F014FF2EEE000A2FEE2D9A30EE0CCA6F
:10484000B0EE490A08F0A2FD28EE000A30EE0CCACC
:10485000B0EE490A08F002FF2BEE800A2FEE2C9AE8
:1048600030EE0CCAB0EE490A08F090FD2AEE800A3C
:1048700030EE0CCAB0EE490A08F0F0FEF81C01EE6A
:10488000100AB8EE411A81EE2FFA29EE800A30EEB6
:104890000C0AB4EE4A0AF1EE10FAB4EE6E0A85ED97
:1048A000070AB8BFB0EE40AAF1EE10FAC8BFF0EEAA
:1048B00040EA2FEE289AB0EE490A08F067FD2DEE87
:1048C000000A30EE0BCAB0EE490A08F0C7FE2EEE21
:1048D000000A2FEE2D9A30EE0CCAB0EE490A08F00D
:1048E00055FD28EE000A30EE0CCAB0EE490A08F079
:1048F000B5FE2BEE800A2FEE2C9A30EE0CCAB0EEED
:10490000490A08F043FD2AEE800A30EE0CCAB0EEE8
:10491000490A08F0A3FE381D01EE100AB8EE411A4C
:1049200081EE2FFA29EE800A30EE0C0AB4EE4A0A24
:10493000F1EE10FAB4EE6E0A85ED080AB8BFB0EEDB
:1049400040AAF1EE10FAC8BFF0EE40EA2FEE289A26
:10495000B0EE490A08F01AFD2DEE000A30EE0BCA3F
:10496000B0EE490A08F07AFE2EEE000A2FEE2D9ADC
:1049700030EE0CCAB0EE490A08F008FD28EE000A35
:1049800030EE0CCAB0EE490A08F068FE2BEE800A41
:104990002FEE2C9A30EE0CCAB0EE490A08F0F6FC65
:1049A0002AEE800A30EE0CCAB0EE490A08F056FE34
:1049B00029EE800A30EE0C0AB4EE4A0AF1EE10FA43
:1049C000B4EE6E0A85ED090AB8BFB0EE40AAF1EE6A
:1049D00010FA07F10507C8BFF0EE40EAFF2F2546A1
:1049E0007FF478AE9FED58FA3AEE0F0AB4EE6E0AF5
:1049F000F1EE10FA80F2BA804CF2C86C9FED531AB7
:104A00009FED532A3EEECA0AC2F2010C0021324643
:104A1000B6EE006A92ED053A92ED064A33EE4A3A56
:104A200023EE013A83EE003A34EE4A4A24EE014A7C
:104A300084EE004AB5EE403AF1EE10FAB8BFB0EE9F
:104A4000423AB4EE413AF1EE10FAC8BFB0EE413A44
:104A500033EE063A92ED075ABDEEC33A13EE103A22
:104A600035EE4A3A23EE013A83EE003AB5EE404A7B
:104A7000F1EE10FAB8BFB0EE424AB4EE414AF1EEA0
:104A800010FAC8BFB0EE414A34EE064A92ED085A19
:104A9000BDEEC44A14EE107A35EE4A4A24EE014ABD
:104AA00084EE004AB5EE403AF1EE10FAB8BFB0EE2F
:104AB000423A92ED095AB4EE413A35EE4A5A25EEA1
:104AC000015A85EE005AF1EE10FAC8BFB0EE413A35
:104AD00033EE063ABDEEC33A13EE105AB5EE404A35
:104AE000F1EE10FAB8BFB0EE424AB4EE414AF1EE30
:104AF00010FAC8BFB0EE414A34EE063ABDEEC33AF2
:104B0000B5EE405AF1EE10FAB8BFB0EE425AB4EE2C
:104B1000415A13EE104AF1EE10FAC8BFB0EE415AF6
:104B200035EE063ABDEEC33A0CF801300CEB01034A
:104B3000053113EE100A1432FF295F709D70DC708E
:104B400018717FF467AF19E0CCBC8C2B00007F4359
:104B500000000000CAF24971CAF249F1DB0F494175
:104B6000DB0FC940E4CB964100007E434CF2C860A5
:104B7000C2F20100FF218022FBF7C3FF1FED0BAA49
:104B80005FED0BEA9DED08EA5FED0CDA0027354694
:104B900000EE107AB8EE400A80EE2F0AF0EE08CA56
:104BA0001FED11DAF0EE6C8A20EE2CCA2CEE0D9A75
:104BB000F0EE4BCAB0EE6BBAF0EE6ABAF0EE69AA4C
:104BC000F0EE489A9DED098AB0EE490A08F0DEFB46
:104BD00028EE000A70EE2CFAB0EE490A08F03EFD0D
:104BE0002EEE000A2CEE2D9A70EE2FFAB0EE490A46
:104BF00008F0CCFB29EE800A70EE2FFAB0EE490ADD
:104C000008F02CFD1FED29DA2BEE000A2CEE0D9A90
:104C100070EE2FFAB0EE490A08F0B8FB2BEE800ACE
:104C200030EE2FCAB0EE490A08F018FD781C01EEEC
:104C3000100A1FED332AB8EE411A81EE021A2AEE4D
:104C4000800A30EE0C0AB0EE68DAB4EE4A0AF1EEF1
:104C500010FAB4EE6E0A85ED050AB8BFB0EE40AAB0
:104C6000F1EE10FAC8BFF0EE40EA05F1140421EEAF
:104C700028CA5FED458A2CEE289AB0EE490A08F062
:104C800085FB28EE000A70EE2CFAB0EE490A08F017
:104C9000E5FC2EEE000A2CEE2D9A70EE2FFAB0EE07
:104CA000490A08F073FB29EE800A70EE2FFAB0EE85
:104CB000490A08F0D3FC2BEE000A70EE2FFA1FED24
:104CC000570A2CEE009AB0EE490A08F05FFB2BEE73
:104CD000800A30EE2FCAB0EE490A08F0BFFCB81CBB
:104CE00001EE100A1FED602AB8EE411A81EE021A99
:104CF0002AEE800A30EE0C0AB4EE4A0AF1EE10FAFF
:104D0000B4EE6E0A85ED060AB8BFB0EE40AAF1EE29
:104D100010FAC8BFF0EE40EA21EE0DCA2CEE289A38
:104D2000B0EE490A08F032FB28EE000A70EE2CFAC9
:104D3000B0EE490A08F092FC2EEE000A2CEE2D9AF5
:104D400070EE2FFAB0EE490A08F020FB29EE800A37
:104D500070EE2FFAB0EE490A08F080FC1FED7FDA02
:104D60002BEE000A2CEE0D9A70EE2FFAB0EE490AE7
:104D700008F00CFB2BEE800A30EE2FCAB0EE490A89
:104D800008F06CFCF81C01EE100A1FED892AB8EE41
:104D9000411A81EE021A2AEE800A30EE0C0AB4EEB5
:104DA0004A0AF1EE10FAB4EE6E0A85ED070AB8BFB2
:104DB000B0EE40AAF1EE10FAC8BFF0EE40EAF0EE15
:104DC000088A1FED990A21EE28CA2CEE009AB0EE4F
:104DD000490A08F0DBFA28EE000A70EE2CFAB0EE71
:104DE000490A08F03BFC2EEE000A2CEE2D9A70EEDC
:104DF0002FFAB0EE490A08F0C9FA29EE800A70EEDF
:104E00002FFAB0EE490A08F029FC2BEE000A2CEE2E
:104E10000D9A70EE2FFAB0EE490A08F0B7FA2BEEB1
:104E2000800A30EE2FCAB0EE490A08F017FC381D90
:104E300001EE100A1FEDB42AB8EE411A81EE021AF3
:104E40002AEE800A30EE0C0AB4EE4A0AF1EE10FAAD
:104E5000B4EE6E0A85ED080AB8BFB0EE40AAF1EED6
:104E600010FAC8BFF0EE40EA1FEDC30AF0EE48FAB0
:104E7000B0EE698AF0EE6A9A21EE28CA2CEE009A0A
:104E8000B0EE490AF0EE6BAAF0EE4BBAB0EE6CBA97
:104E900008F07CFA2FEE800A70EE2CFAB0EE490A88
:104EA00008F0DCFB2EEE000A2CEE2D9A70EE2FFAA5
:104EB000B0EE490A08F06AFA28EE000A70EE2FFAFE
:104EC000B0EE490A08F0CAFB2BEE800A2CEE0D9AD0
:104ED00070EE2FFAB0EE490A08F058FA2AEE800A6E
:104EE00030EE2FCA5FEDE0FAB0EE490A08F0B6FBEB
:104EF00029EE800A30EE0C0AB4EE4A0AF1EE10FAFE
:104F0000B4EE6E0A85ED090AB8BFB0EE40AAF1EE24
:104F100010FA07F10507C8BFF0EE40EAFF2F25465B
:104F20007FF436AE3AEE0F0AB4EE6E0AF1EE10FAE6
:104F300080F2A68048F6E8401FEDFC1A1FEDFC2A1F
:104F40003EEECA0AC2F201000021B6EE00CA00BF5E
:104F500096ED053A96ED064A33EE4A3A23EE013ACB
:104F600083EE003A34EE4A4A24EE014A84EE004AC7
:104F7000B5EE403AF1EE10FAB8BFB0EE423AB4EEF8
:104F8000413AF1EE10FAC8BFB0EE413A33EE0C3AB6
:104F900096ED075ABDEEC33A13EE102A35EE4A3AA3
:104FA00023EE013A83EE003AB5EE404AF1EE10FAF4
:104FB000B8BFB0EE424AB4EE414AF1EE10FAC8BFB3
:104FC000B0EE414A34EE0C4A96ED085ABDEEC44AA2
:104FD00014EE103A35EE4A4A24EE014A84EE004AB5
:104FE000B5EE403AF1EE10FAB8BFB0EE423A96EDA7
:104FF000095AB4EE413A35EE4A5A25EE015A85EE89
:10500000005AF1EE10FAC8BFB0EE413A33EE0C3A56
:10501000BDEEC33A13EE107AB5EE404AF1EE10FA47
:10502000B8BFB0EE424AB4EE414AF1EE10FAC8BF42
:10503000B0EE414A34EE0C3ABDEEC33AB5EE405AFA
:10504000F1EE10FAB8BFB0EE425AB4EE415A13EE88
:10505000105AF1EE10FAC8BFB0EE415A35EE0C3AD4
:10506000BDEEC33A42544218053113EE104A1436CD
:10507000FF2953709770D57014717FF469AF09E000
:1050800048F6E840C2F20100FF218022FBF739FD1B
:10509000B6EE00CA002000BF08EB000191ED010A46
:1050A00091ED021A91ED032AB4EE4F0A91ED043A04
:1050B00091ED054A91ED065A91ED076A91ED087A56
:1050C000F1EE10FAC8BFB0EE40FAB4EE4F1AF1EEAE
:1050D00010FAC8BFB0EE41FAB4EE4F2AF1EE10FA62
:1050E000C8BFB0EE42FAB4EE4F3AF1EE10FAC8BFC4
:1050F000B0EE43FAB4EE4F4AF1EE10FAC8BFB0EE8C
:1051000044FAB4EE4F5AF1EE10FAC8BFB0EE45FAC9
:10511000B4EE4F6AF1EE10FAC8BFB0EE46FAB4EE44
:105120004F7AF1EE10FAC8BFB0EE47FA91ED090AD6
:1051300091ED0A1A91ED0B2AB4EE4F0A91ED0C3A5B
:1051400091ED0D4A91ED0E5A91ED0F6A91ED107AA5
:10515000F1EE10FAC8BFB0EE40FAB4EE4F1AF1EE1D
:1051600010FAC8BFB0EE41FAB4EE4F2AF1EE10FAD1
:10517000C8BFB0EE42FAB4EE4F3AF1EE10FAC8BF33
:10518000B0EE43FAB4EE4F4AF1EE10FAC8BFB0EEFB
:1051900044FAB4EE4F5AF1EE10FAC8BFB0EE45FA39
:1051A000B4EE4F6AF1EE10FAC8BFB0EE46FAB4EEB4
:1051B0004F7AF1EE10FA00F14000C8BFB0EE47FAA6
:1051C000B0F5804F7FF468AF9FEDDB0A9FEDDB1AEF
:1051D0002FEE008A48F2810B9FEDD99A9FEDD9AA54
:1051E0009FEDD9DA9FEDD9EA4CF2A85AB4EE418A84
:1051F0000024C8F2800BB3EE04BAC2F2010A40F6F2
:10520000FE7740F6FD7640F6FC754FF00008F1EEB3
:1052100010FAB8BFB0EE418A31E000BFB4EE480AE0
:10522000F1EE10FAB8BFB0EE480A80EE0F0A30EE89
:105230000A0A08F053F920EE0B0A30EE0D0A20EEB0
:105240000E0A80EE0D0A04F58054B5EE400AF1EE28
:1052500010FAB8BFB0EE490AB4EE4E0AF1EE10FAF9
:10526000C8BFB0EE4E0A30EE0C0ABDEEC00A10EE1A
:10527000100A0AF80800B9F1FF0FC8465AD04FEAE1
:105280000830A0FB0B0108F101094FEA0930A0FB2F
:105290000B02C809B0EBD21FB0EE490ABED8A4FB7E
:1052A0000B13D90940F62813C2F2010303EB810165
:1052B0000831D209B0EE490A11ED011AB4EE401AD4
:1052C000F1EE10FAC8BFB0EE410A9042A6D2B84241
:1052D000A4D891ED001A431CB4EE401AF1EE10FA76
:1052E000C8BFB0EE410A934298D2B04296D891ED31
:1052F000011A831CB4EE401AF1EE10FAC8BFB0EEEA
:10530000410A93428AD2A8423FF688AF91ED021A31
:10531000C31CB4EE401AF1EE10FAC8BFB0EE410A59
:105320009342BFF47BAF1031A84200F10400C3D315
:1053300074E700BF40F62812C2F20102111D0120DD
:10534000002340F6FE7500BF02EB800696ED000AD2
:1053500091ED011A9F1CB4EE401A91ED022AF1EE74
:1053600010FAC8BF384602EB800696ED000A0831F5
:10537000B4EE402AF1EE10FAC8BFD81CAF423B464B
:10538000E2D100EE100A9FEDA72AB8EE400A9FED89
:10539000A63A20EE020A9FEDA54A20EE030A20EE6F
:1053A000040A02EB800130EE0C0A91ED001ABCEE0B
:1053B000C00A8DED150A21EE030A30EE0C0A02F147
:1053C00008054CF2541BBCEEC00A00F1020A4FF073
:1053D0000108002340F6FE772946C2F2010B8DED4D
:1053E000180A0FE002EB880391ED010A93ED001A11
:1053F000B4EE410AF1EE10FAC8BFB0460831BC4223
:10540000234619D09C1C544502D81E1D86420BD23F
:1054100002EB880691ED000A96ED001AB4EE410AFF
:10542000F1EE10FAC8BFA046DE1C5645DAD80533A7
:105430008342E3D2D6E700BF00EE108AB8EE400AFE
:1054400020EE020A20EE030A20EE040A02EB880195
:1054500030EE0C0A91ED001ABCEEC00A8DED160A72
:1054600021EE030A30EE0C0ABCEEC00A08F1020974
:105470004FF0010E002740F6FE7C8DED190A03E087
:10548000083563451F4663D03C1DBB1C84424FF06A
:10549000000128BF012153454FF0000698BF0126A7
:1054A00044454FF0000428BF01244B454FF0000253
:1054B00098BF0122224208BF11EA06010FD140F62F
:1054C0002811C2F2010101EB8E0195ED000A91ED68
:1054D000001AB4EE410AF1EE10FAC8BF9E467A1DDA
:1054E000F91C82424FF0000628BF012651454FF0BB
:1054F000000798BF012742454FF0000228BF012254
:1055000049454FF0000498BF0124144208BF17EA30
:105510000602B5D140F62812C2F2010202EB8E0259
:1055200095ED010A92ED001AB4EE410AF1EE10FA7F
:10553000C8BF8E46A4E700BF0AD7233C0AD7A33BC7
:1055400000000000FFE6DB2E0000204200007F4349
:1055500000EE10EAB8EE400A20EE020A40F62810EB
:1055600020EE030AC2F2010020EE040A00EB8E00D6
:1055700030EE0C0A90ED001ABCEEC00A8DED170A51
:1055800021EE030A30EE0C0A0DF14808BCEEC00A09
:1055900040468DED1A0A05F05BFA4CF2C865C2F27E
:1055A000010501202946FF2205F062FA48F6E8418C
:1055B000C2F201010220FF2205F05AFA15AE304670
:1055C00005F026FA4CF2A857C2F201073846FF212F
:1055D00005F036FA404631462A463B46FDF71EF9AD
:1055E0009BF80300032803D105F0AEF902E000BFE9
:1055F00005F0CEF90EA005F03FFD00208BF800006D
:105600001EB0BDEC108B01B0BDE8F08FB0EE410ACA
:1056100008F0ECF8FEF7CDBEB0EE410A08F0E6F86F
:10562000FEF790BE0024744A00007A44000000395E
:10563000524541445900000070B590B04CF25415E9
:10564000C2F20105A86808B1287808B110B070BD91
:105650000020E9706870A8700122481EC0B22A704C
:1056600002289ABF31A151F820302FA36C4646F290
:10567000884631A220464021C4F20206FAF7E0FE35
:105680002046FBF78FF982B24CF26030C2F2010083
:105690002146642302F07EFD2AA005F0EDFC30686F
:1056A00020F0010030603068C00709D03068C007C2
:1056B0001CBF30685FEAC07002D03068C007F2D10A
:1056C0004FF4746046F87C0C41F21000C4F2020002
:1056D000B06044F6D410C2F20100F06042F208005B
:1056E000706042F61440C0F602403060306800221C
:1056F00040F001003060A86801684A62002101F0B2
:10570000ADFF0C20C4F20100816B41F400418163C4
:10571000A96809680A6842F001020A60016841F458
:105720008071016010B070BD3F00000049E60008C4
:105730004FE6000855E600085245513A2025730D02
:105740000A000000434150545552450070B581B0E5
:105750000022009290F83C20012A03D10221084641
:1057600001B070BDD1F800E00122BEF10A0F80F84F
:105770003C200BD31FFA8EF25200066812FA8EF20A
:10578000A2F11E0306F10C0205E000BF06680EEB55
:105790004E0306F110024FF0070C15680CFA03F4E3
:1057A000A54315608D68146805FA03F3234313605D
:1057B0004968062906D801EB8101053906F1340252
:1057C0000AE000BF0C2901EB810187BF413906F1D6
:1057D0002C02233906F130021F2314688B4024EA7F
:1057E000030342F2043C1360C4F2010C1FFA8EF36F
:1057F000146803FA01F1ACF5417321439E42116034
:105800003ED1BEF1120F07D1DCF8001041F4800147
:10581000CCF8001034E000BF2EF0010110292FD188
:10582000DCF80010BEF1100F41F40001CCF80010BC
:1058300026D14CF20001C2F2010109684DF68362E3
:10584000C4F21B32A1FB0212910C01EB8101490051
:1058500000910099A1B1009901390091009979B1A5
:10586000009901390091009951B1009901390091D5
:10587000009929B100990139009100990029EAD1D4
:10588000002180F83C10084601B070BD002804BF1C
:105890000120704710B50446006C00283ED0206CF3
:1058A000C00645D4206C41F202118843023042F216
:1058B00004312064C4F20101086820F4403008601B
:1058C0000A6894E809101A43D4F810E00A604168A5
:1058D000012321F4807141604168C0F6007341EA00
:1058E0000E214160416821F040714160416841EA08
:1058F0000C014160816821F400618160E168826887
:1059000011438160A16A8268994222F070628260CC
:10591000826813D122F0405119E000BF204600F008
:1059200065F80020606484F83C00206CC006B9D59E
:105930000120002184F83C1010BD00BF114381609C
:10594000816821F040518160E16A82681143816081
:10595000816821F0020181608168227E94F8203004
:1059600041EA42018160416883B141F400614160D4
:1059700041684EF2000221F460414160616ACFF655
:10598000FF72436802EB4131194301E021F40061E9
:105990004160C16A40F2000C21F47001C162E26909
:1059A0006169CFF6F07CC36A0CEB02521A43C26203
:1059B000826822F40072826094F83020836843EA9F
:1059C00042228260826822F480628260826842EAB7
:1059D0008121816000206064216C012262F3010159
:1059E0002164002184F83C1010BD000070B586B021
:1059F000044642F200002168C4F201000026814200
:105A00000596049602D006B070BD00BF43F6300183
:105A10000096C4F202014A6900F5604042F48072C7
:105A20004A614A6902F480720092009A00960A68FC
:105A300042F001020A60096801F001010091009939
:105A4000012101910321CDE9021601A900F01AFB01
:105A500040F2085546F21040C2F20005C4F20200BE
:105A60004FF48061C5E9000605F110004FF40062B3
:105A70004FF400534FF4807C80E80E104FF4403018
:105A8000C5E908062846C5E9026600F0E5F90028E0
:105A900018BFFCF775FEA563AC6306B070BD0000CF
:105AA00010B500284FF0010318BF002902D1184695
:105AB00010BD00BF4379012B4FF00203F7D00371F3
:105AC000036802F0100ED3F800C0D1E9004140F69F
:105AD000FE7202FA0EF221432CEA020201FA0EF1E2
:105AE00011431960C0211A6801FA0EF122EA01017E
:105AF00019600121002301714371184610BD000097
:105B0000002804BF0120704710B50446007920B971
:105B100000206071204600F007F80220207100206C
:105B200001212061217110BDF0B587B0044647F214
:105B300000402168C4F200000026814206960596C6
:105B400002D007B0F0BD00BF43F630010196C4F2A9
:105B500002010A6900F5C63042F000520A610A6982
:105B600002F000520192019A01960A6842F0010285
:105B70000A60096801F00101019101993021029147
:105B80000321CDE9031602A900F07CFA4CF2282586
:105B900046F28800C2F20105C4F202004FF06061D3
:105BA00040224FF4806385E8470005F110004FF470
:105BB000006C4FF4005E80E808504FF400304FF462
:105BC0008077C5E908062846EF6100F045F900280E
:105BD00018BFFCF7D5FDA560AC6307B0F0BD0000B1
:105BE00070B5866D044600F031FB94F8351002293B
:105BF0002ED105462068216C026822F01602026050
:105C0000426922F08002426109B9A16C19B10168B0
:105C100021F008010160016821F0010101600068C4
:105C2000C00708D000F012FB401B052818D82068D8
:105C30000068C007F6D1E06D3F2101FA00F0B060C6
:105C4000012084F835000020002184F8341070BD54
:105C5000802060650120002184F8341070BD00BFF1
:105C600020206065032084F83500002184F834107A
:105C700070BD000090F83510022909D1052180F887
:105C800035100068016821F00101016000207047B3
:105C90008021416501207047F0B581B004460020A5
:105CA00000904CF20000C2F201000268D4E91660D4
:105CB00048F2B51337680821C1F64E3381403942A6
:105CC000A2FB03250CD0226813685B0708D5136874
:105CD00023F004031360B160616D41F0010161655F
:105CE00001218140394208D022685269120604D548
:105CF000B160616D41F0020161650421814039426A
:105D000008D022681268920704D5B160616D41F035
:105D10000401616510218140394217D02068026872
:105D2000120713D5B16002680168520308D4C9058F
:105D300008D4016821F008010160216C21B905E057
:105D400008033FD4216C09B120468847E16D20202B
:105D500000FA01F23A4241D020680368DB063DD5E3
:105D6000B26094F835300268052B1BD122F0160280
:105D70000260426922F080024261226C0AB9A26C80
:105D80001AB1026822F0080202603F208840B06029
:105D9000012084F83500216D0020002984F83400AA
:105DA00052D157E00168520310D4C90512D40168DA
:105DB00021F010010160012084F83500002084F8F2
:105DC000340007E0A16C0029BED1BFE7080301D46D
:105DD000616C00E0E16B09B120468847606DC8B393
:105DE000606DC0072ED0052084F835002068A90A10
:105DF000026822F001020260009A01328A42009297
:105E00001AD80268D20717D0009A01328A4200924B
:105E100012D80268D2070FD0009A01328A4200924B
:105E20000AD80268D20707D0009A01328A4200924B
:105E300002D80268D207DFD1012084F835000020A3
:105E400084F83400E16C29B1204601B0BDE8F0408F
:105E5000084700BF01B0F0BD2DE9F041044600F055
:105E6000F5F9002C4ED00546022084F835000020BC
:105E7000216884F83400086820F001000860086890
:105E8000C00708D000F0E2F9401B05286CD8216853
:105E90000868C007F6D1086848F23F02CFF2100246
:105EA000D4E90135024004F10C0E9EE8C1511A43B9
:105EB0002A4310433043384340EA0800626A40EA0C
:105EC0000C00042A40EA0E0320D1D4E90A5E206BBC
:105ED0004EEA0302104308604869BEF1000F20F04B
:105EE000030040EA050040F0040C15D0B8F5005F4F
:105EF00042D0B8F1000F51D1022D52D0012D47D020
:105F000055B94EE00120BDE8F08100BF0B60486943
:105F100020F0070040EA020C6FF00F004AF6AB22B7
:105F200050FA81F0CAF6AA22A0FB02231A094EF207
:105F3000F033C0F600039A5C40F2FF335F284FF065
:105F40003F00C1F814C021EA030100FA02F088BF43
:105F50000431C4E916128860002301220020636521
:105F600084F83520BDE8F0810322202303206365F7
:105F700084F83520BDE8F081032DCDD801224023DF
:105F80000120DFE805F0030E030500BFE7E700BFCF
:105F9000AEF1C070B0FA80F0400904E0032D04D3E4
:105FA000BAD1CEF300600028B6D0012240230120F0
:105FB000636584F83520BDE8F081000070B590F885
:105FC00034C0BCF1010F46D04FF0010C80F834C052
:105FD000D0F858E090F835C0BCF1010F38D14FF03F
:105FE000020C80F835C04FF0000CC0F854C0D0F857
:105FF00000C08468056CC06DDCF80060402C26F49D
:106000008026CCF80060CCF804300B4604BF134661
:106010000A463F2101FA00F0CCF80830CCF80C20F9
:10602000CEF80800DCF8000040F01600CCF80000C4
:106030002DB1DCF8000040F00800CCF80000DCF8DE
:10604000000040F00100CCF80000002070BD00BF4F
:10605000002180F83410022070BD0000B0B5044665
:1060600000F0F4F8054640F20000C2F200000078AB
:10607000611C18BF044400BF00F0E8F8401BA042B8
:10608000FAD3B0BD2DE9F04F82B000F13E4241F6A7
:10609000004502F1FF77C4F2020508224FEAB72655
:1060A000A84208BF0722072E38BF4FEAB7224FF099
:1060B000010A002400274FF00008009208E000BF0A
:1060C000023708F10108202F04F1040400F0B48025
:1060D0000E680AFA08F916EA090FF1D0D1F804A0FF
:1060E0000AF0030BABF10106012E17D803228668D4
:1060F00002FA07FECA6826EA0E06BA4032438260F8
:106100004268CAF3001522EA090205FA08F54FEAC7
:10611000480C6FEA0E062A4342600BE00322BA40A5
:10612000D643BBF1030FBC4604D1BC464FF0030B72
:1061300022E000BFC2688D68324005FA0CF52A43A0
:10614000BBF1020FC26017D16FF0030202EA5802DE
:10615000024404F01C030F25D2F820E005FA03FAEC
:106160000D692EEA0A0E05FA03F343EA0E031362E1
:10617000D1F804A00AF0030B02680BFA0CF33240CA
:106180001A431AF4403F4FF0010A026098D00022EF
:1061900043F644030192C4F202031A6843F6004E28
:1061A00042F480421A601A68C4F2010E02F480427E
:1061B0000192019A28F003024FF6084C7244CFF680
:1061C000FF7C52F80C3004F00C060F25B540AB43B1
:1061D000009D05FA06F6334342F80C30DEF808203D
:1061E0004B6842EA090643F60C4CDD0258BF22EA2E
:1061F0000906CEF80860C4F2010CDCF800209D020C
:1062000042EA090658BF22EA0906CCF80060DEF827
:1062100004209D0342EA090658BF22EA0906CEF887
:106220000460DEF80020DB0342EA090658BF22EAD8
:106230000906CEF8006043E702B0BDE8F08F000029
:10624000002A08BF090481617047000048F6E85041
:10625000C2F201000068704740F2000048F6E851C1
:10626000C2F20000C2F2010100780A68104408601E
:106270007047000080B543F60040C4F20200016898
:1062800041F400710160016841F4806101600168BE
:1062900041F480710160032000F08EF80F2000F0BF
:1062A00005F800F027F8002080BD000070B540F22E
:1062B0000006C2F200064CF200013278C2F201017F
:1062C0004FF47A730968B3FBF2F20446B1FBF2F1C2
:1062D000084600F0F7FB0F2C4FF0010508D838B93D
:1062E0004FF0FF3021460022002500F039F874609D
:1062F000284670BD80B582B0002043F64001019071
:10630000C4F202014A6842F480424A604A6802F4D8
:1063100080420192019A00900868002240F080506B
:1063200008600868002100F0805000900098052067
:1063300000F016F8052002B0BDE88040AFF3008001
:10634000002848BF704700F01F01012202FA01F146
:106350004EF200124009CEF2000242F820107047BF
:1063600010B54EF60C5CCEF2000CDCF80030C3F336
:10637000022E8EF00704042C28BF0424BEF1030370
:106380004FF0FF3E0EFA04F438BF0023A1439940BA
:106390000EFA03F39A43114300F00F02043A6244E9
:1063A00009010C3200F16043B0F1FF3FC8BF03F5B3
:1063B0006442117010BD00004EF60C51CEF2000187
:1063C0000A684FF6FF031A4060F30A2242F0806029
:1063D00040F0FD70086070472DE9F041002800F0A2
:1063E0008B8043F60808C4F202080446D8F8F80384
:1063F0000D4600F00700884207D288F8F853D8F815
:10640000F80300F00700A84276D12068810717D56D
:10641000410705D5D8F8001041F4E051C8F8001044
:10642000010705D5D8F8001041F46041C8F8001004
:10643000D8F80010A26821F0F0011143C8F800104C
:10644000C0073FD1D8F8F80300F00700A84207D9E9
:1064500088F8F853D8F8F80300F00700A8424BD1A9
:106460002068410707D5D8F80010E26821F4E05110
:106470001143C8F80010000708D5D8F800002169BA
:1064800020F4604040EAC100C8F8000000F07CF849
:10649000D8F800104EF2D832C1F30311C0F6000252
:1064A000515C4CF2000220FA01F140F20400C2F209
:1064B00000000068C2F201021160FFF7F7FE002041
:1064C000BDE8F0816068811E022907D258F8081CD7
:1064D00089015CBF0120BDE8F08111E0012807D1EE
:1064E00058F8081C89035CBF0120BDE8F08107E073
:1064F00058F8081C890703D40120BDE8F08100BFCB
:10650000D8F8001021F003010843C8F80000FFF795
:106510009DFE064641F28837D8F80000616800F019
:106520000C00B0EB810F8DD0FFF790FE801BB842BE
:10653000F2D90320BDE8F0814CF2000043F60801D7
:10654000C2F20100C4F20201006809684EF2E832AA
:10655000C1F38221C0F60002515CC84070470000C0
:106560004CF2000043F60801C2F20100C4F202013D
:10657000006809684EF2E832C1F34231C0F6000209
:10658000515CC8407047000010B543F60404C4F2E3
:106590000204606800F00C0008280BD0042819BF22
:1065A00042F20040C0F2F40047F64000C0F27D1015
:1065B00010BD00BF206821682368490247F64001EA
:1065C000C0F27D1100F03F02C3F388105CBF42F2BD
:1065D0000041C0F2F401A1FB00010023F9F79AFE8B
:1065E00021680222C1F3014102EB4101B0FBF1F04D
:1065F00010BD00002DE9F04182B000286AD00446A9
:10660000007843F60006C007C4F202060BD0B0685B
:1066100000F00C00042840F0A1803068800302D50F
:106620006068002856D0207880071AD5B06810F02E
:106630000C0F09D0B06800F00C00082840F0A880CA
:106640007068400200F1A4803068800702D5E068DD
:1066500001283FD13068216920F0F80040EAC100EC
:1066600030602078000739D4207840074ED4A569DF
:106670005DB3B06800F00C00082840F0BD80012D2B
:1066800028D07068E16900F480028A4222D1216A30
:1066900000F03F028A421DD147F6C071626A014094
:1066A000B1EB821F16D1A26A0023CFF6FF7303EB72
:1066B000C23200F440316FF30F0291420AD1E16A15
:1066C00000F07060B0EB016F04D1002002B0BDE8B3
:1066D000F08100BF012002B0BDE8F08160690028B0
:1066E00040F20000C4F2472076D00121C0F8801E9D
:1066F000FFF7ACFD054600BF706F8007B4D4FFF70D
:10670000A5FD401B0228F7D9DDE000BF306C10F07A
:1067100080580AD100200190306C40F080503064E5
:10672000306C00F080500190019847F20007C4F2ED
:1067300000073868C00541D4386840F4807038607C
:10674000FFF784FD054600BF3868C00536D4FFF763
:106750007DFD401B0228F7D9B5E000BFB06800F00E
:106760000C00082803D1706840023FF556AF6068FE
:10677000B0F5803F07D0B0F5A02F40F08D80306895
:1067800040F480203060306840F4803030608DE02C
:10679000E068002852D00020C4F2472001210160A7
:1067A000FFF754FD054600BF306880073FF552AF44
:1067B000FFF74CFD401B0228F6D984E0A0680128B1
:1067C00005D005284ED1306F40F004003067306F9F
:1067D00040F0010030674FE00021C0F8801EFFF755
:1067E00035FD0546706F80077FF53EAFFFF72EFD44
:1067F000401B0228F6D966E00027C4F24727002094
:106800003866FFF723FD022D05460BD13068800165
:106810005ED5FFF71BFD401B02284FF00300F5D9A2
:1068200054E700BF306880017FF54FAFFFF70EFDE2
:10683000401B02284FF00300F4D947E70020C4F2C0
:10684000472000210160FFF701FD05463068800701
:106850007FF507AFFFF7FAFC401B02284FF003005B
:10686000F4D933E7316F002821F001013167316F2E
:1068700021F0040131674DD0FFF7E8FC054641F2F5
:10688000883700BF306F800756D4FFF7DFFC401B0E
:10689000B842F7D917E000BF3168002821F48031F1
:1068A0003160316821F4802131604FD0FFF7CEFC98
:1068B000054600BF306880033FF5B5AEFFF7C6FC64
:1068C000401B6428F6D9032002B0BDE8F08100BF68
:1068D00004F11C052FCD08430021CFF6FF7140EADB
:1068E000821001EBC3316FF30F0140EA05600843EA
:1068F000706001203866FFF7A9FC0446306880010B
:106900003FF5E3AEFFF7A2FC001B02284FF00300A7
:10691000F4D9DBE6FFF79AFC054641F2883700BF61
:10692000306F800708D5FFF791FC401BB8424FF04D
:106930000300F5D9CAE600BFB8F1000F7FF497AEA7
:10694000306C20F08050306491E600BFFFF77EFC91
:10695000054600BF306880037FF565AEFFF776FC23
:10696000401B64284FF00300F4D9AFE670B538B18E
:106970000446406A30B10020206104F1140007E0B1
:10698000012070BD6068B0F5827F03D004F11C0067
:10699000002101600026A66294F8510020B920462B
:1069A00084F8506000F03CF8022084F8510094E82C
:1069B0000F0001F48271056802F4044225F04005DD
:1069C0000560114403F400622369114403F00202DC
:1069D0006369114403F00102A369E569114403F4FA
:1069E0000072114405F03802256A114405F0800256
:1069F000A56A114305F4005211430160626A042143
:106A000001EA134102F0100211444160C16921F40E
:106A10000061C1610120666584F85100304670BD97
:106A20002DE9F04385B0006843F20005C4F201058A
:106A3000A84203D005B0BDE8F08300BF002643F6AE
:106A400030000096C4F2020041696C4641F4805166
:106A5000416141694FF0020801F4805100910099B1
:106A6000009601684FF0030941F0010101600168DF
:106A7000052701F00101009100990096016841F09D
:106A8000020101600068214600F0020000900098B9
:106A90008020009005F55040CDE90186CDF80C909E
:106AA0000497FFF7EFFA1820CDE9000805F55440E8
:106AB0002146CDE902690497FFF7E4FA05B0BDE885
:106AC000F0830000411E0020B0EB116F1CBF0120BD
:106AD00070474EF21002CEF2000251604EF6235182
:106AE000CEF20001F0230B70072190601160704717
:106AF0007047000070470000B0B590F83C20012AB4
:106B000004BF0220B0BD01F108053CCDD1E900CEA3
:106B100023F47C5322F470521A432EF4F0431A43A8
:106B20002CF4E0431A4324F4C0431A432A43C969AE
:106B300022F48042036811435964002180F83C101C
:106B40000846B0BD10B590F83C20012A4FF0020273
:106B500051D080F83D200268D2F804E0D2F808C095
:106B60000C682EF07003234341F2FF74C4F200045A
:106B7000A24253600EDC40F2FF73C4F200039A425B
:106B800016DCB2F1804F2BD040F20043C4F2000378
:106B900024E000BF40F2FF33C4F201039A4213DC49
:106BA00041F60003C4F200039A4219D0002313E017
:106BB00040F60003C4F200039A4211D040F60043AD
:106BC000C4F200030AE000BF44F20003C4F2010370
:106BD0009A4205D040F20043C4F201039A4204D124
:106BE00049682CF08003194391600121002280F84C
:106BF0003D1080F83C20104610BD0000002804BF66
:106C00000120704710B5044690F83D0028B90020D7
:106C100084F83C00204600F01FF8022084F83D0074
:106C20002068211D03F0CEFA012084F8460084F884
:106C30003E0084F83F0084F8400084F8410084F866
:106C4000420084F8430084F8440084F8450084F846
:106C50003D00002010BD000080B586B0006840F601
:106C6000FF31C4F2000188422ADD40F60041C4F23F
:106C7000000188423ED041F20001C4F20001884286
:106C80006AD00021C4F20101884274D10020019031
:106C900043F64000C4F202004168002241F00101C5
:106CA00041604068002100F0010001900198192026
:106CB000FFF756FB192006B0BDE88040FFF740BB48
:106CC000B0F1804F5AD040F20041C4F20001884236
:106CD00051D10020019043F64000C4F20200016847
:106CE00041F002010160006800F00200019001988B
:106CF00006B080BD002043F640010190C4F20201BD
:106D00000A6842F008020A600A6802F0080201926A
:106D1000019A019051F8102C42F0010241F8102C18
:106D200051F8101C01F00101019101990221CDE9F6
:106D300003000020CDE901110591C4F2020001A970
:106D4000FFF7A0F9322000210022FFF709FB3220D3
:106D5000FFF7F6FA06B080BD0020019043F6400030
:106D6000C4F20200016841F010010160006800F007
:106D700010000190019806B080BD00BF0020019076
:106D800043F64000C4F20200016841F001010160D5
:106D9000006800F001000190019806B080BD00007D
:106DA00080B590F83C20012A4FF0020200F0C2802A
:106DB00080F83D20D0F800C04FF67772DCF808303C
:106DC00023EA0202CCF808200B684F2B28DC1F2B8B
:106DD00044DD202B45D0302B43D0402B40F0AC80FD
:106DE000D1F804E0C968DCF82030DCF8202022F07B
:106DF0000102CCF82020DCF8182022F0F00242EA50
:106E0000011123F00A0242EA0E02CCF81810CCF865
:106E10002020DCF8081041F0470121F0300180E02B
:106E20006F2B27DDB3F5005F48D0B3F5805F7AD0D4
:106E3000702B40F08180D1E901E3C968DCF80820BB
:106E400043EA0E0322F47F4243EA01211143CCF8C6
:106E50000810DCF8081041F0770162E00BB1102B4C
:106E60006AD1DCF8081021F07001194341F00701E4
:106E700057E000BF502B35D0602B5DD1D1F804E036
:106E8000C968DCF82030DCF8202022F01002CCF8B1
:106E90002020DCF8182022F4704242EA013123F06D
:106EA000A00242EA0E12CCF81810CCF82020DCF830
:106EB000081041F0670121F0100132E0D1E901E34F
:106EC000C968DCF8082043EA0E0322F47F4243EA53
:106ED00001211143CCF80810DCF8081041F480417E
:106EE0001FE000BFD1F804E0C968DCF82030DCF80E
:106EF000202022F00102CCF82020DCF8182022F01B
:106F0000F00242EA011123F00A0242EA0E02CCF832
:106F10001810CCF82020DCF8081041F0570121F0BF
:106F20002001CCF808100022012180F83D1000213A
:106F300080F83C10104680BD0122F5E7002804BF10
:106F4000012070472DE9F047044690F83D000D46BA
:106F500028B9002084F83C00204600F049F80220BF
:106F600084F83D00206844F2070281689143816003
:106F7000211D03F027F920684FF6FF7881688269A8
:106F8000D0F820C0D5E9003ED5E9026A43EA0109FC
:106F9000AB6922EA080246EA03234FF6FC46B343F4
:106FA000D5E9076742EA0A0229691A4342EA06223A
:106FB00042EA01112CF0AA026B6942EA0E0241EA90
:106FC000073142EA0312C0F8089081610262012091
:106FD00084F8460084F83E0084F83F0084F84200BC
:106FE00084F8430084F83D000020BDE8F0870000ED
:106FF00080B586B0016840F60000C4F2000081420E
:1070000002D006B080BD00BF002143F630020191DE
:10701000C4F20202136900F5013043F00403136166
:10702000136903F004030193019B0191136843F07A
:1070300008031360126802F008020192019A4FF4EB
:10704000405201920222CDE90221CDE9041201A9A8
:10705000FFF718F806B080BD70470000F0B590F853
:107060003C30012B04BF0220F0BD4FEAB202032ADC
:1070700028D8DFE802F0032D4B6B00BF0368D1E98D
:1070800000C5D1F80CE01C6A1A6A41F2FF7722F0C1
:1070900001021A621A4652F8186FC4F20007BB4286
:1070A0007ADC40F2FF77C4F20007BB4200F3828033
:1070B000B3F1804F00F0968040F20047C4F2000721
:1070C0008EE000BF0121002280F83C200846F0BD80
:1070D0000368D1E900E6D1E902C11C6A1A6A3602E6
:1070E00022F010021A621A4652F8185F4FF2FF0798
:1070F000BE4325F4734561F30F3624F0A0040EF06F
:107100000A0746EA050144EA07173CE00768D1E9A7
:1071100000C5D1E902313C6A3A6A61F3071522F4ED
:1071200080723A623A4652F81C6F26F0F30645EA3E
:10713000060124F420660CF00A0546EA05261160D3
:107140003E62116821F00C0111605CE00368D1E936
:1071500000E6D1E902C11C6A1A6A360222F48052A2
:107160001A621A4652F81C5F4FF2FF07BE4325F41D
:10717000734561F30F3624F420440EF00A0746EA03
:10718000050144EA073711601F6211684FEA0C23BA
:1071900021F44061116036E040F2FF37C4F201078C
:1071A000BB4213DC41F60007C4F20007BB4219D012
:1071B000002713E040F60007C4F20007BB4211D0DD
:1071C00040F60047C4F200070AE000BF44F200079F
:1071D000C4F20107BB4205D040F20047C4F20107E8
:1071E000BB4219D126F00306354324F00A070CF000
:1071F0000A066EF3071537449D611F629F6927F0E9
:107200000C079F618B6811681943116000210022EF
:1072100080F83C200846F0BD46F00105E5E7000097
:10722000002804BF0120704710B5044690F83D00C7
:1072300028B9002084F83C00204600F01FF8022006
:1072400084F83D002068211D02F0BCFF012084F875
:10725000460084F83E0084F83F0084F8400084F83B
:10726000410084F8420084F8430084F8440084F824
:10727000450084F83D00002010BD0000704700006C
:1072800070B504460068C5680669B10716D515F0E3
:10729000020113D06FF002010161012121778069A1
:1072A000800703D02046FFF7D7FE05E0204600F018
:1072B0008FF8204600F0D0F900202077700719D50C
:1072C00015F0040016D020686FF00401016102215E
:1072D0002177806910F4407F04D02046FFF7BCFE80
:1072E00006E000BF204600F073F8204600F0B4F935
:1072F00000202077300717D515F0080014D020683B
:107300006FF00801016104212177C069800703D073
:107310002046FFF7A1FE05E0204600F059F8204680
:1073200000F09AF900202077F00619D515F010002A
:1073300016D020686FF01001016108212177C06923
:1073400010F4407F04D02046FFF786FE06E000BF21
:10735000204600F03DF8204600F07EF9002020771E
:10736000F00718BF15F0010002D1300609D412E071
:1073700020686FF001010161204600F0F9F9300644
:1073800009D515F0800006D020686FF080010161FA
:107390002046FFF7ADFB700609D515F0400006D07A
:1073A00020686FF040010161204600F0E3F9B0066B
:1073B00058BF70BD15F0200008D021686FF0200282
:1073C00020460A61BDE87040FFF794BB70BD000025
:1073D000704700002DE9F04190F83C30012B04BFCC
:1073E0000220BDE8F0814FEAB202032A00F2FC80DD
:1073F000DFE802F0023E7EBE036840F200471C6AEE
:107400001A6A24F0020422F001021A621A46D3F822
:1074100004E052F818CF8E6843F48065C4F2010787
:10742000BD4244EA060405D1CE6824F00C0426F0DF
:10743000040634430E68BD4207D1D1E905572EF446
:10744000407E45EA0E0545EA070E2CF073073743E8
:10745000C3F804E09F614F6809695F631C629F691C
:1074600047F008079F619F6927F004079F61B1E01B
:10747000036840F200481C6A1A6A24F0200422F0D3
:1074800010021A621A46D3F804E052F818CF8F6837
:1074900043F48065C4F20108454544EA071407D166
:1074A000CF686FF0400624F0C00406EA07163443A4
:1074B0000F68454507D1D1E905562EF4406E4EEAD6
:1074C000850545EA860E2CF4E64646EA0727C3F80A
:1074D00004E09F614F6809699F631C629F6947F4DC
:1074E00000679F619F6927F480679F6171E000BF1B
:1074F000036840F200481C6A1A6A24F4007422F4FB
:1075000080721A621A46D3F804E052F81CCF8F68D2
:1075100043F48065C4F20108454544EA072408D1D4
:10752000CF6840F2FF463F0224F4406427EA060693
:1075300034430F68454507D1D1E905562EF4405E26
:107540004EEA051545EA061E2CF073063743C3F8CC
:1075500004E0DF614F680969DF631C62DF6947F09F
:107560000807DF61DF6927F00407DF6132E000BF51
:10757000036840F20045D3F820C01A6A43F48067DC
:1075800022F480521A621A465C6852F81CEFD1F855
:1075900000808E68C4F20105AF4204D14D6924F425
:1075A000804444EA85142CF4005747EA06372EF449
:1075B000E64646EA08265C60DE614E6809691E649C
:1075C0001F62DF6947F40067DF61DF6927F48067C6
:1075D000DF6109021368194311600021002280F85D
:1075E0003C200846BDE8F0810121002280F83C20C3
:1075F0000846BDE8F0810000002804BF0120704764
:1076000010B5044690F83D0028B9002084F83C00ED
:10761000204600F01FF8022084F83D002068211D5C
:1076200002F0D0FD012084F8460084F83E0084F882
:107630003F0084F8400084F8410084F8420084F858
:10764000430084F8440084F8450084F83D0000209D
:1076500010BD0000704700007047000041B10829CC
:1076600010D0042914BF00F1410200F13F020BE0E9
:1076700090F83E20012A1CBF01207047022280F8AA
:107680003E2013E000F140021278012A1CBF0120C5
:1076900070470222082907D0042914BF80F841202E
:1076A00080F83F2002E000BF80F84020006801F031
:1076B0001F010122036A02FA01F123EA01020262B8
:1076C000026A114341F2FF72C4F200029042016269
:1076D0000CDC40F2FF71C4F20001884214DCB0F10E
:1076E000804F37D040F2004116E000BF40F2FF313A
:1076F000C4F20101884215DC41F60001C4F2000128
:10770000884227D0002115E040F60001C4F20001B4
:1077100088421FD040F60041C4F20001884219D0CF
:107720001FE000BF44F20001C4F20101884211D001
:1077300040F20041C4F20101884212D1416C40F292
:10774000004340F48062C4F2010341F400419A42D4
:10775000416406D1816801F00701062904BF0020B9
:107760007047016841F0010101600020704700008E
:10777000704700007047000070470000704700002D
:1077800010B50446206850E8030F216820F490707B
:1077900041E80302BAB3206850E8030F216820F4DF
:1077A000907041E8030272B3206850E8030F21682B
:1077B00020F4907041E803022AB3206850E8030FD8
:1077C000216820F4907041E80302002ADAD11AE01F
:1077D000206850E8050F216820F0010041E805020B
:1077E000DAB1206850E8050F216820F0010041E877
:1077F000050292B1206850E8050F216820F00100D1
:1078000041E805024AB1206850E8050F216820F0E0
:10781000010041E80502002ADAD1206B012824D1B9
:10782000206850E8030F216820F0100041E80302AF
:10783000DAB1206850E8030F216820F0100041E819
:10784000030292B1206850E8030F216820F0100075
:1078500041E803024AB1206850E8030F216820F094
:10786000100041E80302002ADAD120684169490684
:107870000AD400202021E08584F8421020632046AD
:10788000FFF77CFF002010BD50E8050F216820F0B5
:10789000400041E80502EAB1206850E8050F216880
:1078A00020F0400041E80502A2B1206850E8050F31
:1078B000216820F0400041E805025AB1206850E8F4
:1078C000050F216820F0400041E8050212B1206850
:1078D000DAE700BFE06B68B14AF2A941C0F60001E7
:1078E0000165FEF7C7F90028CCD0E06B016D884731
:1078F000002010BD00202021E08584F84210206384
:107900002046FFF73BFF002010BD0000006841F259
:107910000001C4F20101884208D044F60041C4F2DB
:107920000001884218BF704702F0C8BBF9F7E0BFFA
:10793000B0B582B0044600680168C368426901F0CE
:107940002F05202D03F0200506D12DB1204602B0D1
:10795000BDE8B04002F00EBE5FEA017C1EBF02F03F
:10796000010E03F4907212EB0E0255D1226B012A24
:1079700005D111F0100218BF13F0100236D10A061B
:1079800022D513F080021FD094F84110212941D153
:10799000A168B1F5805F03D12169002900F08082E0
:1079A000216A4A1C226209784160E18C01390A048B
:1079B000E1842FD1C16821F08001C160C16841F02C
:1079C0004001C16002B0B0BD490623D513F04001AB
:1079D00020D0C16821F04001C1602021204684F8F8
:1079E000411002B0BDE8B04000F0F8BC00210191A8
:1079F000016801914168019101994169490600F1CD
:107A00008D80A18DE28DE38D002B1CBF891A5FEA6A
:107A100001420CD102B0B0BDCA0718BF13F4807286
:107A200040F036814A0700F139813EE1206850E894
:107A3000030F226820F4907042E80303DBB1206852
:107A400050E8030F226820F4907042E8030393B1DA
:107A5000206850E8030F226820F4907042E8030386
:107A60004BB1206850E8030F226820F4907042E880
:107A70000303002BDAD1206850E8050F226820F0BC
:107A8000010042E80503DBB1206850E8050F2268D9
:107A900020F0010042E8050393B1206850E8050F8B
:107AA000226820F0010042E805034BB1206850E84D
:107AB000050F226820F0010042E80503002BDAD10F
:107AC000202084F8420000202063206850E8030F43
:107AD000226820F0100042E80303DBB1206850E880
:107AE000030F226820F0100042E8030393B12068DE
:107AF00050E8030F226820F0100042E803034BB166
:107B0000206850E8030F226820F0100042E80303C9
:107B1000002BDAD1022289B2A3E100BFE26B116827
:107B20004B68A58D99B2002900F09281A94280F09E
:107B30008F81E385D169B1F5807F00F09D8050E8A9
:107B4000030F216820F4807041E80302E2B120684D
:107B500050E8030F216820F4807041E803029AB1D5
:107B6000206850E8030F216820F4807041E8030288
:107B700052B1206850E8030F216820F4807041E87A
:107B800003020AB12068DAE7206850E8050F21688F
:107B900020F0010041E80502BAB3206850E8050F63
:107BA000216820F0010041E8050272B3206850E826
:107BB000050F216820F0010041E805022AB3206882
:107BC00050E8050F216820F0010041E80502002A75
:107BD000DAD11AE0206850E8050F216820F0400053
:107BE00041E80502DAB1206850E8050F216820F06D
:107BF000400041E8050292B1206850E8050F216875
:107C000020F0400041E805024AB1206850E8050F25
:107C1000216820F0400041E80502002ADAD1202046
:107C200084F8420000202063206850E8030F216898
:107C300020F0100041E80302DAB1206850E8030F99
:107C4000216820F0100041E8030292B1206850E85A
:107C5000030F216820F0100041E803024AB12068B8
:107C600050E8030F216820F0100041E80302002AC9
:107C7000DAD1E06BFDF7B4FF02206063A08DE18DE7
:107C8000401A81B2204602B0BDE8B040FFF774BD93
:107C9000626C42F0010262644A0706D5BEF1000F31
:107CA00003D0626C42F0020262648A0706D5BEF11C
:107CB000000F03D0626C42F004026264BCF1000F5A
:107CC00006D555EA0E0203D0626C42F008026264E7
:107CD000626C002A3FF49EAE11F0200118BF002D07
:107CE00003D0204602F046FC20684169626C01F036
:107CF000400102F00802891800F0A28050E8030F4A
:107D0000216820F4907041E80302C2B3206850E873
:107D1000030F216820F4907041E803027AB32068D1
:107D200050E8030F216820F4907041E8030232B359
:107D3000206850E8030F216820F4907041E80302A6
:107D4000EAB12068DAE700BF206850E8050F216833
:107D500020F0010041E80502DAB1206850E8050F83
:107D6000216820F0010041E8050292B1206850E846
:107D7000050F216820F0010041E805024AB12068A2
:107D800050E8050F216820F0010041E80502002AB3
:107D9000DAD1206B012824D1206850E8030F216834
:107DA00020F0100041E80302DAB1206850E8030F28
:107DB000216820F0100041E8030292B1206850E8E9
:107DC000030F216820F0100041E803024AB1206847
:107DD00050E8030F216820F0100041E80302002A58
:107DE000DAD1202084F84200002020632068416915
:107DF00049064FD550E8050F216820F0400041E8C2
:107E00000502AAB3206850E8050F216820F0400061
:107E100041E8050262B3206850E8050F216820F0B0
:107E2000400041E805021AB3206850E8050F2168B8
:107E300020F0400041E80502D2B12068DAE700BF37
:107E40002046FFF763FD0020606402B0B0BD00BFB4
:107E50008D427FF4DFADD069B0F5807F7FF4DAAD7D
:107E600002222046626302B0BDE8B040FFF784BC46
:107E7000E06B78B14AF22131C0F600010165FDF7EF
:107E8000F9FE00283FF4C6ADE06B016D02B0BDE81D
:107E9000B0400847204602B0BDE8B040FFF736BD0D
:107EA000216A31F8022B6FF35F22426021627CE588
:107EB000002804BF0120704710B5044690F8410027
:107EC00028B9002084F84000204600F021F8242042
:107ED00084F841002068C16821F40051C160204647
:107EE00002F0C8FB2068016921F4904101614169F9
:107EF00021F02A014161C16841F40051C1600020B4
:107F00002021606484F8411084F84210606310BD41
:107F10002DE9F04387B00446216841F20002C4F223
:107F2000010200209142CDE90500CDE90300029055
:107F300058D045F20000C4F20000814200F0828077
:107F400044F60040C4F20000814240F0C8800026A0
:107F500043F630050196C4F20205286902A940F4EF
:107F600000202861286900F4002001900198019602
:107F7000286840F004002860286800F004000190A0
:107F800001984FF4406002900220CDE903060320DF
:107F900005900820069040F60000C4F20200FEF7AB
:107FA00071F805F5215040F26855C2F200054FF016
:107FB000006140224FF4806385E847002846C5E908
:107FC0000436C5E90666C5E90866FDF745FF0028E1
:107FD00018BFFAF7D5FBA563AC633420002100225B
:107FE000342477E043F630010190C4F202014A697B
:107FF00042F010024A614A6902F010020192019AAD
:1080000001900A6842F001020A60096801F001016A
:10801000019101994FF4C06102910221CDE9031051
:10802000032005900720069040F60000C4F20200ED
:10803000A0F5006002A9FEF725F825200221002204
:10804000252447E0002643F630000196C4F20200E2
:10805000016940F6000441F4801101610169C4F234
:10806000020401F48011019101990196016802ADA9
:1080700041F00401016001684FF0020801F00401C1
:1080800001910199019601684FF0030941F008013F
:1080900001600068082700F00800019001984FF483
:1080A0008050029020462946CDE90386CDF81490F1
:1080B0000697FDF7E7FF0420CDE9020804F580608C
:1080C0002946CDE904690697FDF7DCFF352001213B
:1080D00000223524FEF744F92046FEF731F907B0B7
:1080E000BDE8F08390F84230202B1CBF022070477F
:1080F00000294FF0010318BF002A01D1184670472C
:1081000000230363816222218285C285436480F853
:1081100042100169006819B1C16841F48071C16001
:108120004169002341F001014161C16841F0200132
:10813000C160184670470000B0B5006841F2000108
:10814000C4F2010188421DD045F20001C4F20001D1
:1081500088421BD044F60041C4F20001884218BF97
:10816000B0BD4CF26804C2F20104254615F8040BB8
:1081700001F07AFC284621460122BDE8B040FFF715
:10818000B1BF00BFBDE8B040F9F772BBBDE8B04079
:10819000FAF7B4B82DE9F041044690F841002028E0
:1081A0001CBF0220BDE8F0810F4600294FF00100FE
:1081B00000F082801646002A08BFBDE8F0814FF02B
:1081C000000821201D46C4F8448084F84100FEF7D1
:1081D0003DF8A684E684A1680646B1F5805F05D126
:1081E0002069002814BF3846B8460746E08CC8B15D
:1081F000681C19D0002D61D1216807E017F8010B28
:108200004860E08C0138E084E08C68B308680006C0
:108210004CD5002FF2D138F8020B00276FF35F2006
:10822000EEE700BF21681FE0216802E00868000651
:1082300009D40868000606D4086800065CBF086810
:108240005FEA0060F2D51FB117F8010B05E000BF2F
:1082500038F8020B00276FF35F204860E08C01388C
:10826000E084E08C0028E4D1086840061CD4EDB11D
:10827000681C0FD10868400616D40868400613D45D
:108280000868400610D4086840064FF00000F1D599
:108290000FE000BFFDF7DAFF801BA84208D8206876
:1082A000C16800684006F5D5002002E0FDF7CEFF6A
:1082B0000320202184F84110BDE8F081216800BF2F
:1082C0000868000608D4FDF7C1FF801BA842EFD85C
:1082D0002168C868F4E700BF17B117F8010B04E084
:1082E00038F8020B00276FF35F204860E08C0138FC
:1082F000E084E08C0028E3D1B6E70000B0B5044686
:1083000090F8410020281CBF0220B0BD00294FF08A
:10831000010060D0002A134608BFB0BD4FF0000C2A
:1083200021202162A384E384C4F844C084F841007E
:10833000A06B4AF2BD4E4AF26D552268C0F6000E9F
:10834000C0F60005C0E90FE54AF22D35C0F600057C
:108350000432C0E9135CFDF731FE38B110206064CF
:10836000202084F841000120B0BD00BF20686FF0DC
:10837000400140F8141B50E8000F216840F08000D5
:1083800041E8050242B300BF206850E8050F2168AC
:1083900040F0800041E80502F2B1206850E8050F86
:1083A000216840F0800041E80502AAB1206850E849
:1083B000050F216840F0800041E8050262B12068A5
:1083C00050E8050F216840F0800041E80502002ACE
:1083D0004FF00000D8D1B0BD0020B0BD10B500688E
:1083E00044F60041C4F20001884201D010BD00BF34
:1083F00040F21004C2F200040020207060780130C6
:1084000000F00F0060702078002818BF10BDE078E1
:1084100061788842EAD001202070607861784CF25F
:10842000C873C2F2010301EB811100EB801003EB72
:108430004101B1F8802003EB40014CF26C00C2F224
:108440000100FFF75BFF00281CBF0020207010BD5B
:1084500070470000FEE70000B0B584B04CF2CC10CD
:10846000C2F2010042F200014FF080534FF0C065AC
:108470000024C4F20101C0E90A53012503944FF41A
:108480008032047680F82040C56180F8305080E862
:108490001600C0E903444561FDF7F8F9002818BF4C
:1084A000FAF76EF9062002904CF2CC10C2F20100ED
:1084B0006946CDE90045FDF749F9002818BFFAF7EC
:1084C0005FF904B0B0BD000080B582B0002001901B
:1084D000042000904CF2142047F20041C2F2010047
:1084E000C4F200010160FDF70BFB002818BFFAF78A
:1084F00047F94CF21420C2F2010069460022FDF750
:10850000CFFA002818BFFAF73BF93C2000904CF254
:108510001420C2F2010069461022FDF7C1FA0028BA
:1085200018BFFAF72DF902B080BD000080B582B007
:10853000002043F630010190C4F202010A6842F4BF
:1085400080020A600A6802F480020192019A009097
:108550000868002240F4001008600868002100F458
:108560000010009000980F20FDF7FAFE0F20FDF795
:10857000E7FE102000210022FDF7F2FE1020FDF79B
:10858000DFFE382000210022FDF7EAFE3820FDF74B
:10859000D7FE442001210022FDF7E2FE4420FDF732
:1085A000CFFE392000210022FDF7DAFE392002B08B
:1085B000BDE88040FDF7C4BEF0B587B0002643F6A5
:1085C0003000CDE905660196C4F20200016840F270
:1085D000004441F0100101600168C4F2020401F09E
:1085E00010010191019901960168002241F00401F6
:1085F00001600168632701F004010191019901966E
:10860000016841F080010160016801F08001019181
:1086100001990196016841F001010160016801F0D2
:108620000101019101990196016841F00201016087
:10863000016801F00201019101990196016841F080
:10864000080101600068632100F0080001900198B2
:108650002046FDF7F5FD40F6FF7002ADCDE90206BC
:1086600004F5406029460496FDF70CFD02200297B0
:108670000127059020462946CDE90376FDF702FD46
:10868000802002A9C1C120462946FDF7FBFC07B0A6
:10869000F0BD000080B540F2C85043F20001C2F2C4
:1086A0000000C4F201014FF48272002380E80E0042
:1086B00000F114014FF4007C4FF0300E81E80850B7
:1086C0000A21C0E90333C0E90833C0E90A31FEF7E3
:1086D0004DF9002808BF80BDBDE88040FAF750B8CA
:1086E00070B59CB0002540F22060C4F20105002165
:1086F000C2F2000029221591CDE913111191CDE9A3
:108700000F11CDE90D11CDE90B11CDE90911CDE91D
:108710000711CDE90511CDE90311CDE90111C0E93A
:108720000051C0E90212C0E904118161FEF766FA46
:10873000002818BFFAF724F84FF48050129040F246
:108740002060C2F2000012A9FEF72AFB002818BF21
:10875000FAF716F840F22060C2F20000FEF74CFF74
:10876000002818BFFAF70CF840F220600024C2F28B
:10877000000010A9CDE91044FEF7E4F9002818BF65
:10878000F9F7FEFF602009901520CDE90A0440F2B8
:108790002060C2F2000009A90022CDE90C44CDE915
:1087A0000E44FEF717FE002818BFF9F7E9FF40F264
:1087B00020644FF40050C2F200040026069001A984
:1087C00020460596CDE90366CDE901660896FEF7D9
:1087D00093F9002818BFF9F7D3FF206840F2004151
:1087E000C4F200018842179616D0A84231D1002069
:1087F000169043F63000C4F20200016841F0010116
:108800000160006800F00100169016984FF4807027
:108810001790012012E000BF0020169043F63000B0
:10882000C4F20200016841F001010160006800F03B
:1088300001001690169840201790022002211891EE
:108840000021CDE919111B9005F5803017A9FDF71E
:1088500019FC1CB070BD000080B586B020200090CF
:108860004CF288200021C2F201004FF080425323D5
:108870004FF0310C0591CDE903110191C0E90023BE
:10888000C0E9021C01618161FEF7B8F9002818BF38
:10889000F9F776FF4FF4805002904CF28820C2F234
:1088A000010002A9FEF77CFA002818BFF9F768FF5B
:1088B0004CF28820C2F201006946FEF743F9002815
:1088C00018BFF9F75DFF06B080BD0000B0B594B0E9
:1088D00040F2004540F26860C4F200050021C2F297
:1088E000000041F267020D91CDE90B110991CDE92C
:1088F0000711CDE90511CDE90311CDE90111C0E959
:108900000051C0E9021201618161FEF777F9002888
:1089100018BFF9F735FF4FF480500A9040F26860B5
:10892000C2F200000AA9FEF73BFA002818BFF9F7C7
:1089300027FF40F26860C2F20000FEF75DFE0028EB
:1089400018BFF9F71DFF40F268600024C2F2000072
:1089500008A9CDE90844FEF7F5F8002818BFF9F793
:108960000FFF6020CDE901040394059440F2686490
:10897000C2F2000401A920460022FEF72BFD0028C8
:1089800018BFF9F7FDFE20680021A8420F9119D009
:108990000021C4F20101884230D100200E9043F63C
:1089A0003000C4F20200016841F00101016000687A
:1089B00000F001000E900E984FF480700F9001208F
:1089C00011E000BF43F630000E91C4F202000168CE
:1089D00041F001010160006800F001000E900E9866
:1089E00040200F900220022110910021CDE91111A9
:1089F000139005F5FE300FA9FDF744FB14B0B0BD90
:108A000080B58CB04CF2D02040F600020021C2F2BA
:108A10000100C4F20002C0E9002103224FF6FF73F7
:108A2000CDE903210122CDE90011C0E90213016162
:108A30008161CDE90521CDE90711CDE909210B912E
:108A400003A9FEF77BFA002818BFF9F799FE4CF24C
:108A5000D020C2F201006946FEF774F8002818BF62
:108A6000F9F78EFE0CB080BD10B58AB040F2B06050
:108A700040F600420021C2F20000C4F20002C0E948
:108A8000002100F108020991CDE90711CDE9041197
:108A9000CDE90211CDE900116FF001034FF48074AC
:108AA0001AC28161FEF7AAF8002818BFF9F768FE1C
:108AB0004FF48050069040F2B060C2F2000006A968
:108AC000FEF76EF9002818BFF9F75AFE40F2B060C1
:108AD000C2F20000FEF7A4FB002818BFF9F750FE11
:108AE00040F2B0600024C2F2000004A9CDE90444C1
:108AF000FEF728F8002818BFF9F742FE0120CDE95B
:108B0000010440F2B060C2F2000069460422009401
:108B10000394FEF7A3FA002818BFF9F731FE0AB054
:108B200010BD000080B582B0202000904CF21830BB
:108B30000021C2F2010041F2000240F2E73C019143
:108B4000C4F200025323C0E9021C8021C0E90023C3
:108B50008161FEF753F8002818BFF9F711FE4CF2B7
:108B60001830C2F201006946FDF7ECFF002818BF7B
:108B7000F9F706FE02B080BD80B54CF2680044F6FD
:108B80000041C2F20100C4F2000140F8041F4FF49A
:108B9000E13100220C23C0E90112C0E90322C0E93F
:108BA0000532C261FFF784F9002808BF80BDBDE827
:108BB0008040F9F7E5BD000080B540F2F86045F26D
:108BC0000001C2F20000C4F2000100234FF00C0CBF
:108BD0004FF4165280E80E00C0E90333C0E905C324
:108BE000C361FFF765F9002808BF80BDBDE880407C
:108BF000F9F7C6BD80B54CF2603041F20001C2F217
:108C00000100C4F2010100234FF00C0C4FF4E132DB
:108C100080E80E00C0E90333C0E905C3C361FFF774
:108C200047F9002808BF80BDBDE88040F9F7A8BD1E
:108C3000FEE70000FEE700007047000070470000FC
:108C400070470000B0B540F21004C2F200040025E5
:108C5000E57065702570E5802571A57001F07CFDDB
:108C6000FDF7F4FA00F69800A0606571B0BD000051
:108C700070B5A8B040F21005C2F200052878F8B926
:108C8000E878697888421BD0012028706878697874
:108C90004CF2C873C2F2010301EB811100EB8010AA
:108CA00003EB4101B1F8802003EB40014CF26C0072
:108CB000C2F20100FFF722FB00281CBF0020287031
:108CC0006879072811D8FDF7C1FAA968401A0CD4B1
:108CD0000FF60450102103F0A5FE30B16879A968A1
:108CE0000130687101F5FA70A860A87840B10020E1
:108CF000A87040F2C840C2F2000001F035FD08B192
:108D000028B070BD40F2C844C2F200042046F8F713
:108D100027FF0028F4D1237800213A2B8DF800108A
:108D20008DF810108DF820108DF8301000F0A48010
:108D3000002B4FF0000200F09A82264616F8010F31
:108D4000012200288DF8303000F091823A2800F09E
:108D50009180264616F8023F0222002B8DF8310042
:108D600000F085823A2B00F08580264616F8030F26
:108D7000032200288DF8323000F079823A2879D029
:108D8000264616F8043F0422002B8DF8330000F02D
:108D90006E823A2B6ED0264616F8050F0522002863
:108DA0008DF8343000F063823A2863D0264616F8F6
:108DB000063F0622002B8DF8350000F058823A2B32
:108DC00058D0264616F8070F072200288DF83630AF
:108DD00000F04D823A284DD0264616F8083F08226A
:108DE000002B8DF8370000F042823A2B42D0264605
:108DF00016F8090F092200288DF8383000F0378264
:108E00003A2837D0264616F80A3F0A22002B8DF85A
:108E1000390000F02C823A2B2CD0264616F80B0F86
:108E20000B2200288DF83A3000F021823A2821D018
:108E3000264616F80C3F0C22002B8DF83B0000F064
:108E400016823A2B16D0264616F80D0F0D22002852
:108E50008DF83C3000F00B823A280BD0264616F8ED
:108E60000E3F0E22002B8DF83D0000F000823A2BC1
:108E700040F0F4813A2302E03A23002226460CA86F
:108E80003A2B815440F00182334613F8010F28B188
:108E90003A2805D100208DF8200023E00022F0E1DF
:108EA000314611F8024F0122002C8DF8200000F00D
:108EB000E8813A2C02D13A2019460CE0334613F8E7
:108EC000030F022200288DF8214000F0DA813A28B1
:108ED00040F01C813A2008AB00269E543A280E46EA
:108EE00040F0D381314611F8024F4FF0000C3A2C7C
:108EF00000F0A680002C4FF0000300F06A85314698
:108F000011F8032F0123002A8DF8104000F061852D
:108F10003A2A00F09380314611F8044F0223002CC6
:108F20008DF8112000F055853A2C00F087803146ED
:108F300011F8052F0323002A8DF8124000F049850F
:108F40003A2A7BD0314611F8064F0423002C8DF8C5
:108F5000132000F03E853A2C70D0314611F8072FCF
:108F60000523002A8DF8144000F033853A2A65D095
:108F7000314611F8084F0623002C8DF8152000F01B
:108F800028853A2C5AD0314611F8092F0723002A98
:108F90008DF8164000F01D853A2A4FD0314611F861
:108FA0000A4F0823002C8DF8172000F012853A2C68
:108FB00044D0314611F80B2F0923002A8DF81840B0
:108FC00000F007853A2A39D0314611F80C4F0A23B0
:108FD000002C8DF8192000F0FC843A2C2ED031465C
:108FE00011F80D2F0B23002A8DF81A4000F0F184A0
:108FF0003A2A23D0314611F80E4F0C23002C8DF85D
:109000001B2000F0E6843A2C18D0314611F80F2FBF
:109010000D23002A8DF81C4000F0DB843A2A0DD085
:10902000314611F810EF0E23BEF1000F8DF81D2010
:1090300000F0CF84BEF13A0F40F0C2843A2401E040
:109040003A24002304A83A2C00F803C040F01D8104
:109050004878002858D08A788DF80000002A00F05F
:10906000E180C8788DF80120002800F0DD800A79C1
:109070008DF80200002A00F0D98048798DF803208D
:10908000002800F0D5808A798DF80400002A00F0CD
:10909000D180C8798DF80520002800F0CD800A7AAB
:1090A0008DF80600002A00F0C980487A8DF8072064
:1090B000002800F0C5808A7A8DF80800002A00F0A8
:1090C000C180C87A8DF80920002800F0BD800A7B95
:1090D0008DF80A00002A00F0B980487B8DF80B203B
:1090E000002800F0B5808A7B8DF80C00002A00F083
:1090F000B180C87B8DF80D2000281ABF8DF80E00B6
:109100000F200E20A7E000BF0020A4E0314611F898
:10911000044F0322002C8DF8220000F0B2803A2C7C
:109120003FF4C9AE334613F8050F042200288DF82A
:10913000234000F0A6803A283FF4CCAE314611F827
:10914000064F0522002C8DF8240000F09A803A2C5E
:109150003FF4B1AE334613F8070F062200288DF80E
:10916000254000F08E803A283FF4B4AE314611F825
:10917000084F0722002C8DF8260000F082803A2C40
:109180003FF499AE334613F8090F082200288DF8F2
:10919000274000F076803A283FF49CAE314611F823
:1091A0000A4F0922002C8DF828006AD03A2C3FF48F
:1091B00082AE334613F80B0F0A2200288DF829409F
:1091C0005FD03A283FF486AE314611F80C4F0B229F
:1091D000002C8DF82A0054D03A2C3FF46CAE334664
:1091E00013F80D0F0C2200288DF82B4049D03A2897
:1091F0003FF470AEB4461CF80E4F0D22002C8DF8D3
:109200002C003ED03A2C3FF456AE314611F80F3FB9
:109210000E22002B8DF82D4033D03A2B2AD13A2044
:10922000614658E6012016E0022014E0032012E017
:10923000042010E005200EE006200CE007200AE0E4
:10924000082008E0092006E00A2004E00B2002E0E4
:109250000C2000E00D206946084414E08DF83E30F3
:1092600014F80F3F0F22002B26467FF408AE0CA8FF
:1092700008E000BF307C0F2200288DF82E307FF4EC
:109280002AAE08A81044002101700FF260710CA8EA
:109290000522F7F737FB40B90FF2587108A80522ED
:1092A000F7F730FB002800F00F830C9844F24311CD
:1092B000C0F24C01441A18BF012488420AD14EF270
:1092C0006C41C0F6000108A80522F7F71BFB002837
:1092D00000F016830FF224710CA80522F7F712FB99
:1092E000002800F0F18044B90FF2187108A8062296
:1092F000F7F708FB002800F031834EF26241C0F618
:1093000000010CA80522F7F7FDFA002800F02081E3
:109310004EF25041C0F600010CA80722F7F7F2FA0E
:1093200000287FF4EDAC4EF2F740C0F6000000F0EC
:1093300011FE4FF4FA70FCF791FE42F23D20C5F2A7
:109340005250129044F64E60C4F6496047F27434AD
:1093500047F22E45139042F24720C6F27414C7F22A
:109360007845ADF8500010A812211094119503F023
:1093700059FB4EF26741C0F6000108A80522F7F735
:10938000C1FAA0B96420FCF769FE4EF2C830C0F6FD
:109390000000D0E9000110AACDE910014EF2FB4017
:1093A000C0F600000FF26461022300F08BFB089806
:1093B00044F24C51C0F24E0188423FD16420FCF788
:1093C0004DFE4EF2FB40C0F6000000F0C3FD4FF42E
:1093D000FA70FCF743FE42F23D20C4F24C5012906A
:1093E00044F24E70C4F65400139022208DF85000C1
:1093F00010A811211094119503F014FBC820FCF75C
:109400002DFE43F27400C7F22E40109047F27840D0
:10941000C2F23D20119044F24C50C4F24E701290B2
:1094200044F65400C3F23D10139043F23050C2F2A0
:109430006D20149010A8142103F0F4FA0FF2D85103
:1094400008A80622F7F75EFA18BB6420FCF706FEB0
:109450004EF2FB40C0F6000000F07CFD4FF4FA70C5
:10946000FCF7FCFD42F23D20C4F64E70129045F22E
:109470005F30C4F64870139045F25240ADF850008A
:1094800022208DF8520010A813211094119503F09A
:10949000C9FA089844F64C71C0F2430188427FF43F
:1094A0002FAC6420FCF7DAFD4EF2D030C0F600009D
:1094B000D0E90001CDE910014EF2FB40C0F60000FA
:1094C0000FF25C5153E200BF4EF26C41C0F6000156
:1094D00008A80522F7F716FA002800F02D824EF2B0
:1094E0006241C0F6000108A80522F7F70BFA002830
:1094F00000F044824EF25041C0F6000108A8072255
:10950000F7F700FA00287FF4EEAE47F27430C6F2A7
:109510007410109047F22E40C7F27840119042F23A
:109520003D20C4F65310129044F24E70C4F24C50D9
:10953000139045F25F20C4F24510149045F6441094
:10954000ADF8540022208DF8560010A8172133E200
:109550004EF2F740C0F6000000F0FCFC4FF4FA7049
:10956000FCF77CFDE8786A78013000F00F01914249
:1095700000F0B580E878742200EB80134CF2C870DC
:10958000C2F2010000F81320EB78732603EB83137B
:1095900000EB43035E70EB78612603EB831300EB73
:1095A00043039A70EB78492403EB831300EB4303E6
:1095B000DE70EB782E2603EB831300EB43031E7162
:1095C000EB78782603EB831300EB43035A71EB78B7
:1095D00003EB831300EB43039E71EB78522603EBFE
:1095E000831300EB4303DA71EA783D2302EB821226
:1095F00000EB42021372EA7802EB821200EB4203A4
:1096000022225A72EB7803EB831300EB43039E7222
:10961000EB78552603EB831300EB4303DE72EB7804
:109620004E2603EB831300EB43031E73EB7803EB2F
:10963000831300EB43035E73EB7803EB831300EBC0
:1096400043039C73EB7803EB831300EB4303DE735C
:10965000EB78472603EB831300EB43031E74EB7890
:1096600003EB831300EB43035A74EA78FF2302EB06
:10967000821200EB42029374EA7802EB821200EB52
:109680004202D374EA7802EB821200EB42021375B5
:10969000EA78152302EB821200EB4202A2F8803036
:1096A000E9702978D9B9E9786A78914217D001210F
:1096B000297069786A7801EB811102EB821200EB64
:1096C0004202B2F8802000EB41014CF26C00C2F281
:1096D0000100FEF713FE00281CBF002028704EF288
:1096E0006741C0F6000108A80522F7F70BF9B8B9E1
:1096F000C820FCF7B3FC4EF2A430C0F6000090E89E
:109700004E0000690DF1400C14904EF2FB408CE8C5
:109710004E00C0F60000C5A110AA052300F0D2F942
:10972000C5A108A80822F7F7EDF840BB6420FCF7B4
:1097300095FC4EF2FB40C0F6000000F00BFC4FF42D
:10974000FA70FCF78BFC47F27430C6F2741010907C
:1097500047F22E40C7F27840119042F23D20C4F605
:109760005710129044F25250C4F24D10139042F22E
:109770005020ADF8500010A8122103F053F9B0A109
:1097800008A80722F7F7BEF868BB6420FCF766FC60
:109790004EF2FB40C0F6000000F0DCFB4FF4FA7024
:1097A000FCF75CFC47F27430C6F27410109047F27C
:1097B0002E40C7F27840119042F23D20C4F653008B
:1097C000129044F24950C4F24C40139045F23A30A2
:1097D000C5F24640149042F25020ADF8540010A853
:1097E000162103F01FF9089844F25251C0F25301B8
:1097F000884217D16420FCF731FC4EF2B830C0F635
:109800000000D0E90012D0E90203CDE91012CDE941
:1098100012034EF2FB40C0F600008BA110AA0423F5
:1098200000F050F98BA108A80522F7F76BF8002883
:109830007FF466AA6420FCF711FC4EF2FB40C0F6F0
:10984000000000F087FB4FF4FA70FCF707FC47F2CA
:109850007430C6F27410109047F22E40C7F2784070
:10986000119042F23D20C5F24140129044F2545012
:10987000C5F24E50139045F24140C4F64970149021
:1098800042F24E20ADF8540010A8162103F0CAF899
:10989000C820FCF7E3FB43F27400C7F22E4010909F
:1098A00047F27840C2F23D20119044F64C70C5F268
:1098B0005330129042F63D50C2F63360139046F298
:1098C0003240C2F2422033E04FF4FA70FCF7C6FB9C
:1098D00047F27430C6F27410109047F22E40C7F26F
:1098E0007840119042F23D20C4F25250129044F25E
:1098F0004140C2F25920139010A810215CE000BF33
:1099000047F27430C6F27410109047F22E40C7F23E
:109910007840119042F23D20C4F24310129045F677
:109920004C70C4F25250139044F24140C2F259209C
:10993000149010A814213FE047F27430C6F274105E
:10994000109047F22E40C7F27840119042F23D202D
:10995000C4F25450129045F2534020E004A81090F5
:10996000684611904EF2FB40C0F600003BA110AAE1
:10997000022300F0A7F828B070BD00BF47F2743092
:10998000C6F27410109047F22E40C7F27840119042
:1099900042F23D20C5F24450129044F64140C5F2D7
:1099A0005F20139044F24510C5F644101490222015
:1099B0008DF8540010A8152103F034F828B070BDBC
:1099C00016F8114F0F23002C31468DF81EE07FF45E
:1099D00039AB04A8184456E4747374612E74787417
:1099E0003D2252454144592200000000484F4D4558
:1099F000000000004241434B000000005445535416
:109A000000000000535441525400000053494E4797
:109A10004C455F46554C4C0053484F525400000093
:109A200053484F52545F4C4F430000004455414C43
:109A30005F46554C4C000000574952454D4150007F
:109A4000534849454C440000524553495354414EF4
:109A5000434500004C4F53530000000043414C5F0E
:109A6000444F4E450000000010B5FF280ED040F2D4
:109A70001001C2F20001CA8800233E2A0B7188BF80
:109A800010BD531CCB801144087310BD40F210046C
:109A9000C2F2000420790130C1B203292071F4D34D
:109AA000E08858B104F10C0100220A5440F2C84089
:109AB000C2F20000F6F752FF0120A0700020E08003
:109AC000207110BD2DE9F04F9BB01E4601920F464C
:109AD00000F040FA4FF41670FCF7C0FA47F2743009
:109AE000C6F27410039047F22E40C7F278400490FB
:109AF00042F23D20ADF8140000200DF10C0A3B5C51
:109B000013B33A1855780AEB00018B72F5B19378CC
:109B1000CD72EBB1D5780B73E5B113794D73DBB131
:109B200055798B73D5B19379CD73CBB1D5790B744E
:109B3000C5B1127A4D74BAB1093051288A74DED198
:109B40005B205C2112E000BF0A300EE00B300CE01D
:109B50000C300AE00D3008E00E3006E00F3004E073
:109B6000103002E0113000E01230411C22240AF8CB
:109B7000004089B2504602F055FFC820FCF76EFA4B
:109B8000002E00F0DD80701EC0B2052828BF052021
:109B900000F1010B00250DF108094FF0000812E05B
:109BA0005B225B2122240025501C0AF8014081B26F
:109BB000504602F037FFC820FCF750FA08F10108C0
:109BC000D84500F0BD8008F130008DF809000198FB
:109BD000742350F828C000218DF80830ADF80A50E1
:109BE00009EB010257780AF80130EFB396780AEBD7
:109BF00001035F70D6B3D7789E70CFB31679DF704C
:109C0000C6B357791E71BFB396795F71B6B3D77972
:109C10009E71AFB3167ADF71A6B3577A1E729FB3E7
:109C2000967A5F7296B3D77A9E728FB3167BDF7285
:109C300086B3577B1E737FB3967B5F7376B3D77BF8
:109C40009E736FB3167CDF7366B3577C1E745FB36D
:109C5000967C5F7456B339299E7429D0D37C133116
:109C6000002BBDD126E000BF013123E0023121E00D
:109C700003311FE004311DE005311BE0063119E01E
:109C8000073117E0083115E0093113E00A3111E01E
:109C90000B310FE00C310DE00D310BE00E3109E01E
:109CA0000F3107E0103105E0113103E0123101E01E
:109CB0004C2100BF2E220AF8012047F674021AFA3E
:109CC00081F3C3F6745288B2C3F801208A1D542868
:109CD00091B25C713FF668AF8B1F0AEB030700225D
:109CE0001CF80250E5B19C18BE18542CB5713FF415
:109CF00057AF0CEB02056878A0B1532CF0713FF41C
:109D00004FAFA87890B1522C30723FF449AFED7844
:109D100085B10432981855287572E1D140E700BF2B
:109D20000A4409E08818421C06E000BF8818821C1B
:109D300002E000BF8818C21C22240025114633E728
:109D40001BB0BDE8F08F00002DE9F04198B08446CB
:109D50004FF0000E68461CF80E30002B00F09C807F
:109D60000CEB0E02547800F80E30002C4ED0957893
:109D700000EB0E03002D5C704CD0D4789D70002C4D
:109D80004CD01579DC70002D4CD054791D71002C0D
:109D90004CD095795C71002D4CD0D4799D71002CFC
:109DA0004CD0157ADC71002D4CD0547A1D72002CE9
:109DB0004CD0957A5C72002D4CD0D47A9D72002CD8
:109DC0004CD0157BDC72002D4CD0547B1D73002CC5
:109DD0004CD0957B5C73002D4CD0D47B9D73002CB4
:109DE0004CD0157CDC73002D4CD0547C1D74002CA1
:109DF0004CD0927C5C74002A4CD00EF1130EBEF154
:109E00004C0F9A74A7D14FF04C0E45E00EF1010EA5
:109E100042E000BF0EF1020E3EE000BF0EF1030E65
:109E20003AE000BF0EF1040E36E000BF0EF1050E61
:109E300032E000BF0EF1060E2EE000BF0EF1070E5D
:109E40002AE000BF0EF1080E26E000BF0EF1090E59
:109E500022E000BF0EF10A0E1EE000BF0EF10B0E55
:109E60001AE000BF0EF10C0E16E000BF0EF10D0E51
:109E700012E000BF0EF10E0E0EE000BF0EF10F0E4D
:109E80000AE000BF0EF1100E06E000BF0EF1110E49
:109E900002E000BF0EF1120E2E2200F80E2047F64F
:109EA000740210FA8EF4C3F674521FFA8EF3C4F8DB
:109EB00001200EF106024FF0220C542B1FFA82FEF5
:109EC00084F805C03CD8AEF1060300EB030800227D
:109ED0008F5CDFB19E1808EB0205542EAF7117D0CE
:109EE0008F187C78C4B1532EEC7119D0BC78DCB1DA
:109EF000522E2C721CD0FE78F6B104329C18552CD0
:109F00006E72E5D15B224FF05B0E19E0724416E0F1
:109F10005B224FF05B0E13E00EEB02014A1C0EE0D9
:109F20005B224FF05B0E0BE00EEB02018A1C06E099
:109F30005B224FF05B0E03E00EEB0201CA1C96465B
:109F4000511C89B200F80EC002F06CFD18B0BDE8DB
:109F5000F081000080B586B046F27011C6F26751FC
:109F600000910178202200298DF804204AD04278FF
:109F70008DF80510002A4BD081788DF80620002935
:109F80004CD0C2788DF80710002A4DD001798DF899
:109F9000082000294ED042798DF80910002A4FD0B0
:109FA00081798DF80A20002950D0C2798DF80B10E4
:109FB000002A51D0017A8DF80C20002952D0427A23
:109FC0008DF80D10002A53D0817A8DF80E200029CB
:109FD00054D0C27A8DF80F10002A55D0017B8DF82D
:109FE0001020002956D0407B8DF8111000281ABF90
:109FF0008DF8120013211221684602F013FD06B0FD
:10A0000080BD00BF0521684602F00CFD06B080BD92
:10A010000621684602F006FD06B080BD07216846AD
:10A0200002F000FD06B080BD0821684602F0FAFC8F
:10A0300006B080BD0921684602F0F4FC06B080BD80
:10A040000A21684602F0EEFC06B080BD0B2168468E
:10A0500002F0E8FC06B080BD0C21684602F0E2FC8C
:10A0600006B080BD0D21684602F0DCFC06B080BD64
:10A070000E21684602F0D6FC06B080BD0F2168466E
:10A0800002F0D0FC06B080BD1021684602F0CAFC88
:10A0900006B080BD1121684602F0C4FC06B080BD48
:10A0A000002804BF0020704710B50446F6F77AFC7C
:10A0B00081B22046BDE8104002F0B4BC80B54CF23D
:10A0C0006C00C2F20100006844F60041C4F20001D5
:10A0D000884218BF80BD4CF26C00C2F20100FDF74F
:10A0E0004FFBBDE8804000F037BB0000FCF7B4B880
:10A0F000B0B592B0002443F640000B94CDE909447A
:10A10000CDE907440594CDE90344CDE90144009429
:10A11000C4F202000168022541F08051016000682C
:10A1200000F080500090009847F200000094C4F2C4
:10A130000000016841F480410160006800F4804043
:10A14000009000980120099010200A9008200E909D
:10A15000A820CDE90F050420119006A80695CDE9A9
:10A160000C54FCF747FA18B172B600BFFEE700BF07
:10A170000F20CDE901054FF4A05004904FF480501A
:10A18000059001A805210394FCF726F910B172B6D9
:10A19000FEE700BF12B0B0BD4EF68850CEF2000010
:10A1A000016841F4700101607047000040F22060D6
:10A1B000C2F20000FDF764B840F2B060C2F20000E5
:10A1C000FDF75EB8B0B540F6FF3E0568C4F2000E7C
:10A1D00040F2004C7045C4F2010C27DCB0F1804F16
:10A1E00031D040F20043C4F2000398422BD040F635
:10A1F0000003C4F20003984225D041F6FF73C4F275
:10A20000000398422ADC70453CDCB0F1804F5FD0FF
:10A2100040F20043C4F20003984259D040F60003D4
:10A22000C4F20003984253D057E000BF40F6004309
:10A23000C4F20003984206D0604504D00023C4F263
:10A2400001039842D9D14B6825F0700243EA020518
:10A2500041F6FF73C4F200039842D4DD43F6FF7366
:10A26000C4F20103984221DC42F20003C4F200036D
:10A2700098422DD00023C4F20103984228D06045B3
:10A2800026D02AE040F60043C4F2000398421FD0D3
:10A2900041F60003C4F20003984219D041F600438E
:10A2A000C4F20003984213D017E000BF44F2000349
:10A2B000C4F2010398420BD044F60003C4F2010338
:10A2C000984205D044F20043C4F20103984204D1FD
:10A2D000CB6825F4407243EA02050A688C684B6932
:10A2E000C46240F480648262644504BF096901630A
:10A2F000026825F0800142F0040219430260012245
:10A3000042610160B0BD00004CF26C00C2F201007D
:10A31000FDF70EBB40F2F860C2F20000FDF708BB8B
:10A32000806B0021C185FDF7F1BA0000806B0168E8
:10A330004A6990F84130212B2ED112F080022BD0A7
:10A340000022C28451E8031F026821F0C00142E8E4
:10A350000313EBB1016851E8031F026821F0C0014B
:10A3600042E80313A3B1016851E8031F026821F01A
:10A37000C00142E803135BB1016851E8031F0268A2
:10A3800021F0C00142E8031313B10168DAE700BF0E
:10A39000202180F8411001684A6990F84230222B50
:10A3A0007CD112F0400279D00022C28551E8031F0F
:10A3B000026821F4907142E80313C3B3016851E8C5
:10A3C000031F026821F4907142E803137BB3016814
:10A3D00051E8031F026821F4907142E8031333B37C
:10A3E000016851E8031F026821F4907142E80313E9
:10A3F000EBB10168DAE700BF016851E8051F0268A8
:10A4000021F0010142E80513DBB1016851E8051FA5
:10A41000026821F0010142E8051393B1016851E897
:10A42000051F026821F0010142E805134BB10168E4
:10A4300051E8051F026821F0010142E80513002BD5
:10A44000DAD1016B012924D1016851E8031F0268A8
:10A4500021F0100142E80313DBB1016851E8031F4A
:10A46000026821F0100142E8031393B1016851E83A
:10A47000031F026821F0100142E803134BB1016889
:10A4800051E8031F026821F0100142E80313002B7A
:10A49000DAD1202180F8421000210163416C41F0A3
:10A4A00010014164FDF732BA806B00212022C18582
:10A4B00080F842200163FDF761B900000168806BFC
:10A4C0000968C90548BFFDF789BF0021C18400BFE5
:10A4D000016851E8051F026821F0800142E8051378
:10A4E00083B3016851E8051F026821F0800142E84A
:10A4F00005133BB3016851E8051F026821F0800194
:10A5000042E80513F3B1016851E8051F026821F024
:10A51000800142E80513002BDAD113E0016851E80D
:10A52000031F026841F0400142E80313002B08BFFB
:10A530007047016851E8031F026841F0400142E89A
:10A54000031393B1016851E8031F026841F0400111
:10A5500042E803134BB1016851E8031F026841F060
:10A56000400142E80313002BD8D17047806BFDF700
:10A570006FBF000081B090F84210222920D183687B
:10A58000B3F5805F08D10169002965D000F1280189
:10A590000A6803685B680AE0014651F8282F13B97E
:10A5A0000369002BF5D003685B6803F07F03137029
:10A5B0000A6801320A60C18D01390A04C18501D0DF
:10A5C00001B070470168CA6822F02002CA60CA68F8
:10A5D00022F48072CA604A6922F001024A61202294
:10A5E00080F8422000224263036B012B3ED10263BC
:10A5F00051E8031F026821F0100142E803130168CB
:10A60000DBB151E8031F026821F0100142E8031397
:10A61000016893B151E8031F026821F0100142E87C
:10A62000031301684BB151E8031F026821F01001C8
:10A6300042E803130168002BDAD10A68D20606D576
:10A64000002200920A680092496800910099818D69
:10A6500001B0FDF791B800BF0168826A49686FF3E5
:10A660005F2122F8021B8262A5E700BF01B0FDF75F
:10A6700063BD000010B504460068D4E902C2236936
:10A68000016921F4405111430161626943EA0C01FF
:10A69000E3691143C268194349F20C639A431143B9
:10A6A000C1604169A26921F4407141F20043114344
:10A6B00040F48062C4F201039A42416102D1FBF787
:10A6C0004FFF01E0FBF738FFE16963681922B1F53C
:10A6D000004FA0FB02011FD15A00DB0FF5F71AFE55
:10A6E00048F21F51C5F2EB11A0FB01235A096FF08C
:10A6F000630302FB0300322303EBC000A0FB010154
:10A700004FF4F87000EA111000EB0210C1F342118F
:10A7100008442168886010BD9A009B0FF5F7FAFD88
:10A7200048F21F51C5F2EB11A0FB01235A096FF04B
:10A73000630302FB0300322303EB0010A0FB0101C3
:10A74000F02000EA511000EB0210C1F3431108445D
:10A750002168886010BD00004CF26801C2F201015E
:10A76000081D0122FDF7BEBC10B5E8B344A10446A4
:10A77000F6F7F6F9D0B345A12046F6F7F1F9E8B3BC
:10A7800045A12046F6F7ECF900283FD045A1204628
:10A79000F6F7E6F9002841D046A12046F6F7E0F9A1
:10A7A000002843D047A12046F6F7DAF9002847D021
:10A7B00049A12046F6F7D4F900284BD04AA12046FB
:10A7C000F6F7CEF9002851D04BA12046F6F7C8F98C
:10A7D00000281CBF002010BD40F27400C2F200002F
:10A7E0000078032148E000BF002010BD40F2740053
:10A7F000C2F2000000210170012010BD40F274007F
:10A80000C2F2000001240470204610BD40F2740022
:10A81000C2F2000002210170012010BD00F010FE04
:10A820003DA000F029FC012010BD00BF40F27400E3
:10A83000C2F20000007800F027FC012010BD00BF2C
:10A8400040F27400C2F20000017830A000F038FC41
:10A85000012010BD40F27400C2F200000078012116
:10A860000124FAF7E9FE204610BD00BF40F2740053
:10A87000C2F2000000780221FAF7DEFE012010BDCE
:10A8800055493A5245513A554100000055493A520E
:10A8900045513A554200000055493A5245513A5502
:10A8A0000000000055493A504147453A484F4D4550
:10A8B0000000000055493A504147453A4D454E5534
:10A8C0000000000055493A504147453A5741564526
:10A8D0005F53454C4543540055493A504147453A2A
:10A8E000574156453100000055493A504147453AD5
:10A8F000574156453300000055493A504147453AC3
:10A90000535045435452554D00000000745F777317
:10A910005F7265710000000052454144590000001B
:10A9200080B500F0C3F840F27400C2F200000021CC
:10A930000180C0E90111C0E90311C0E9051181706E
:10A9400080BD000000F0C4BCB0B540F27405C2F296
:10A950000005287800F09EF8A978044620300029E8
:10A9600018BF05F1280000F0C3FB2A6942B1EB884B
:10A9700033B101200021BDE8B04000F041BD00BF6F
:10A98000E268238A01200021BDE8B04000F038BD14
:10A9900070B540F27406C2F20006317805460846EA
:10A9A00000F078F80446707804F114010028284675
:10A9B00018BF06F11C0100F019FC022D0AD1B26982
:10A9C00042B1738933B101200021BDE8704000F02D
:10A9D00017BD00BF012D04D1726912B13389002B5C
:10A9E000F1D1F26812B1B388002BECD1022D07D15E
:10A9F0006268638901200021BDE8704000F000BD5D
:10AA00002268238901200021BDE8704000F0F8BCD5
:10AA1000002808BF704710B590E80E50406940F21A
:10AA20007404C2F20004E0630120A162E2622363C5
:10AA3000C4F834C0C4F838E0A070BDE810407047D6
:10AA400040F27402C2F200021061D180704700002F
:10AA5000002808BF7047D0E90012806840F27403F4
:10AA6000C2F2000358620120C3E907125870704710
:10AA700040F2740C142302284FF00800C2F2000CBC
:10AA800008BF182308BF0A204CF803102CF8002038
:10AA900070470000022888BF002044F62C11C0EB4C
:10AAA000C000C2F2010101EBC00070472DE9F04F78
:10AAB00081B040F62410C2F201000078002840F076
:10AAC000D7824EF2F83B48F6E81A0020C0F6000B99
:10AAD000C2F2010A002400254FF04E0E4FF0160975
:10AAE0006FF07F0C1BF8051004F0380300F03C07F2
:10AAF0001BF803301BF8077001FB0EF107EB87070B
:10AB000013FB091101EB4701A1F55C510BB2C3F333
:10AB100006630BEB05021944A31CC71C03F03A03A0
:10AB200007F03F0792F801801BF803301BF807700D
:10AB300008FB0EF613FB096607EB870706EB4706D3
:10AB4000A6F55C5637B2C7F3066748F6A8283E4418
:10AB5000C2F20108B6B200910AEB050108EB050349
:10AB60008CEAD6164E705E7083F8416083F881607F
:10AB7000261D977806F03C061BF8066007FB0EF7CB
:10AB800016FB0976871D07F03E071BF80770D27881
:10AB900007EB870706EB4706A6F55C5637B2C7F307
:10ABA00006673E44B6B28CEAD6168E709E7083F865
:10ABB000426083F88260A61D00F1090706F03E0698
:10ABC00007F03D071BF806601BF8077002FB0EF24A
:10ABD00016FB092207EB870602EB4602A2F55C5240
:10ABE00016B2C6F30666324492B28CEAD212CA702A
:10ABF0000099083489B28CEAD1110AF8051008F8D6
:10AC000005100435402D00F10C00DA7083F8432064
:10AC100083F8832083F8401083F880107FF462AFBC
:10AC20004CF2E844C2F201044AF2003920464021C5
:10AC30000422C1F2E119F5F764FF522020762620A4
:10AC400084F824004FF6237044F62C15A4F80B006A
:10AC50002320C2F201056073B4204EF2001205F108
:10AC6000140C3A21C0F2F5524CF200238CE8070094
:10AC700005F12000C0F6EB3380E80C0208204627DF
:10AC80001226686300206FF07F0C00220023C5E9C4
:10AC90000B7600BF1BF8037002F038061BF8066045
:10ACA00000F03C051BF8055007EB47177F0006EB4B
:10ACB000460605EB450507EBC60707EB8507A7F535
:10ACC0004C573EB2C6F306663744BFB28CEAD7167D
:10ACD0000AEB030E08EB03050BEB03048EF8406050
:10ACE00085F8C06085F8006185F84061961C06F023
:10ACF0003A06C11C67781BF8066001F03F011BF89B
:10AD0000011007EB47177F0006EB460601EB4101F8
:10AD100007EBC60606EB8101A1F54C510EB2C6F356
:10AD20000666314489B28CEAD1118EF8411085F85B
:10AD3000C11085F8011185F84111111D94F80280A8
:10AD400001F03C01861D1BF8011006F03E061BF8C1
:10AD5000066008EB48177F0001EB410106EB460651
:10AD600007EBC10101EB8601A1F54C510EB2C6F310
:10AD70000666314489B28CEAD1118EF8421085F80A
:10AD8000C21085F8021185F84211911DE47801F096
:10AD90003E0100F109061BF8011006F03D061BF804
:10ADA000066004EB4414640001EB410106EB460627
:10ADB00004EBC10101EB8601A1F54C510CB2C4F3C7
:10ADC0000664214448F6A82889B20433C2F2010877
:10ADD0008CEAD1110832402B00F10C008EF84310A0
:10ADE00085F8C31085F8031185F843117FF452AF3D
:10ADF0004CF2E844C2F2010404F140004021042274
:10AE00000090F5F77EFE522084F86000262084F83A
:10AE100070004FF6237044F62C15A4F84F00232041
:10AE2000C2F2010584F851009B204DF2801205F119
:10AE30004C0C3321C0F6F0028CE807004AF20030D7
:10AE400047F28043C1F2E11005F15C01C1F6D22363
:10AE50003E2789C109201326AA65E86600206FF005
:10AE60007F0C00220023C146AE6600BF1BF80370B2
:10AE700002F038061BF8066000F03C0507EBC70738
:10AE80001BF80550FF0006EBC60607EB460707EB6D
:10AE9000C507A7F544573EB2C6F306663744BFB2AE
:10AEA0008CEAD7160AEB030E09EB03070BEB03043E
:10AEB0008EF8806087F8806187F8C06187F800624B
:10AEC000961C06F03A0665781BF80660C11C01F076
:10AED0003F0105EBC5051BF80110ED0006EBC606AA
:10AEE00005EB460505EBC101A1F544510DB2C5F3D3
:10AEF0000665294489B28CEAD1118EF8811087F851
:10AF0000811187F8C11187F80112111D94F8028090
:10AF100001F03C011BF80110851D05F03E0508EB12
:10AF2000C8061BF80550F60001EBC10106EB410114
:10AF300001EBC501A1F544510DB2C5F306652944E5
:10AF400089B28CEAD1118EF8821087F8821187F8C5
:10AF5000C21187F80212911DE47801F03E011BF83E
:10AF6000011000F1090505F03D0504EBC4041BF8D0
:10AF70000550E40001EBC10104EB410101EBC50107
:10AF8000A1F544510CB2C4F30664214489B20433E0
:10AF90008CEAD1110832402B00F10C008EF883109E
:10AFA00087F8831187F8C31187F803127FF45EAF27
:10AFB0004CF2E844C2F2010404F18006304640211C
:10AFC00004224FF04008F5F79CFD522084F89400CD
:10AFD000262084F89E004FF6237044F62C13A4F824
:10AFE0008900232040F6006241F6004EC2F20103C0
:10AFF00084F88B00AA203821C0F22772C0F64E6E6A
:10B0000003F1840B8BE80700C3E9242E0AF1400109
:10B0100009F1C002C3E90E1200990720C3F8A40089
:10B02000402059640AF1800109F5C07242F60027F8
:10B03000C0F2C000C3E91C1240F62411C1F27557DA
:10B040004FF0420C0F25C3E902041864C3E91E0641
:10B050000120C2F20101C3E9267CC3F8A050C3E974
:10B0600000A9A3F81080A3F84880A3F88080087096
:10B0700001B0BDE8F08F0000014601A0FEF764BEFC
:10B0800074737461000000004EF205614EF2266296
:10B09000C0F60001C0F60002022808BF0A464EF2C0
:10B0A0002E61C0F60001012802A018BF1146FEF76C
:10B0B0004BBE00BF745F6D656E755F726571000099
:10B0C000002808BF70474EF205624EF22663C0F6B4
:10B0D0000002C0F60003022908BF13464EF22E629A
:10B0E000C0F60002012918BF1A461146FEF72CBE11
:10B0F000002808BF70472DE9F0478EB0044600686D
:10B1000045F6C5284109C0F67C284DF6836AA1FBA7
:10B110000812C4F21B3AA0FB0A01D0094CF6CD4636
:10B1200000FB06F2D20C02EB8202A0EB42004EF2D0
:10B130000C69E768890C80B2C0F6000904ADCDE95E
:10B140000010284628214A4601230297F5F778F98E
:10B150004EF2F350C0F600002946FEF7F5FD606898
:10B1600027694109A1FB0812A0FB0A01D00900FBD5
:10B1700006F2D20C02EB8202A0EB4200890C80B2F4
:10B18000CDE90010284628214A4602230297F5F708
:10B1900057F94EF2F950C0F600002946FEF7D4FDEB
:10B1A000A06867694109A1FB0812A0FB0A01D00948
:10B1B00000FB06F2D20C02EB8202A0EB4200890CEB
:10B1C00080B2CDE90010284628214A460323029781
:10B1D000F5F736F94EF2FF50C0F600002946FEF7AB
:10B1E000B3FD0EB0BDE8F04770470000002908BF6E
:10B1F00070472DE9F0478AB00D4624A126A6022803
:10B2000008BF0E4627A129A44EF2366808BF0C4697
:10B2100028A12BA72B684EF2226AC0F600080DF178
:10B220000809022808BF0F46C0F6000A4846202138
:10B230004246CDF800A0F5F703F938464946FEF737
:10B2400083FD6B6802AF384620214246CDF800A04E
:10B25000F5F7F6F830463946FEF776FDA86844F66D
:10B26000D351C1F26201A0FB010102AD8B0917A706
:10B270002846202142460097F5F7E2F82046294665
:10B28000FEF762FD0AB0BDE8F0477047745F7733A0
:10B290005F75726D73000000745F77315F75726D5A
:10B2A00073000000745F77335F660000745F77316E
:10B2B0005F660000745F77335F7570700000000098
:10B2C000745F77315F7570700000000020487A006D
:10B2D00070B58AB040F2B406C2F20006307A002897
:10B2E00000F08680B07988B13378357902AC41A21C
:10B2F000204620210095F5F7A3F82046FEF7D0FE62
:10B30000002875D00020B0710AB070BD318AB089B4
:10B31000814268D2706932793378455C00924EF28E
:10B320003C6202ACC0F60002204620210195F5F7F0
:10B3300087F82046FEF7B4FE318A002852D001314A
:10B34000B0898AB2824231824DD2706931793378C4
:10B35000855C4EF23C6202AC0091C0F600022046D1
:10B3600020210195F5F76CF82046FEF799FE318A09
:10B37000C0B30131B0898AB28242318233D270695E
:10B3800031793378855C4EF23C6202AC0091C0F6B4
:10B390000002204620210195F5F752F82046FEF7DD
:10B3A0007FFE318AF0B10131B0898AB282423182A6
:10B3B00019D2706931793378855C4EF23C6202AC07
:10B3C0000091C0F60002204620210195F5F738F8DB
:10B3D0002046FEF765FE318A20B1B0890131318205
:10B3E00001E000BFB08989B2814224BF00203072E1
:10B3F0000AB070BD636C652025752C2575000000B2
:10B4000080B540F2B40CC2F2000C4FF0000E8CF884
:10B4100000000120002ACCF81420ACF80C30ACF865
:10B4200010E08CF804108CF8060018BF0122002BE5
:10B4300018BF012302EA03008CF8080080BD000059
:10B4400040F2B400C2F20000002101727047000017
:10B450004CF26030C2F20100FCF76ABAFEE700006D
:10B460002DE9F04F81B02DED0A8B84B000287BD000
:10B4700081468B4602294FF0FE00C0F0FF834FF05B
:10B48000553101EA5B01ABEB01014FF0333303EAC5
:10B49000910321F0CC31194401EB111121F0F0316D
:10B4A0004FF001335943090E012900F2E783ABF154
:10B4B0000101ABF10200032801F0030C019200919D
:10B4C00054D200244FF0010ABCF1000F00F06F814C
:10B4D0005B4600BF14EA530F84EA530411D014EA08
:10B4E000930F84EA93040CD014EAD30F84EAD302B6
:10B4F00000F0108182EA131412EA131F4FEA1313AB
:10B50000E8D1A2450FD209EBCA0209EBC403576880
:10B5100059F83A6059F83450586849F83A50506030
:10B5200049F834605F60BCF1010F00F040810AF11E
:10B5300001035F4614EA570F84EA570400F0F180D4
:10B5400014EA970F84EA970400F0EB8014EAD70F0F
:10B5500084EAD70200F0E48082EA171412EA171F87
:10B560004FEA1717E6D1DCE0FF2087E321F0030E56
:10B5700000244FF0010A4FF0000805E008F104082C
:10B58000F0450AF1040A9FD05E4600BF14EA560F48
:10B5900084EA560411D014EA960F84EA96040CD07B
:10B5A00014EAD60F84EAD60200F09E8082EA1614CE
:10B5B00012EA161F4FEA1616E8D1A2450FD209EB80
:10B5C000CA0009EBC402466859F83A5059F83430B9
:10B5D000576849F83A30476049F8345056600AF1E4
:10B5E00001065D4614EA550F84EA550410D014EAAA
:10B5F000950F84EA95040BD014EAD50F84EAD5029E
:10B6000078D082EA151412EA151F4FEA1515E9D110
:10B61000A6420FD209EBC60009EBC402436859F8F1
:10B62000365059F83470516849F83670416049F81D
:10B63000345053600AF102065D4600BF14EA550F0C
:10B6400084EA550410D014EA950F84EA95040BD0CF
:10B6500014EAD50F84EAD50252D082EA151412EA10
:10B66000151F4FEA1515E9D1A6420FD209EBC60006
:10B6700009EBC401426859F8363059F834504F6824
:10B6800049F83650476049F834304A600AF10306F9
:10B690005D4600BF14EA550F84EA550410D014EA41
:10B6A000950F84EA95040BD014EAD50F84EAD502ED
:10B6B0002AD082EA151412EA151F4FEA1515E9D1AE
:10B6C000A642BFF45BAF09EBC60009EBC4014268B8
:10B6D00059F8363059F834504F6849F836504760B9
:10B6E00049F834304A6049E71446A245FFF467AF91
:10B6F00075E700BF1446A642FFF48CAF9AE700BF7F
:10B700001446A642B2D3C1E71446A642BFF436AFF0
:10B71000D9E700BF1446A245FFF4F5AE03E700BF2A
:10B720001446A34211D209EBC30009EBC402D0F8BE
:10B7300004E059F8336059F83450576849F83350E9
:10B74000476049F83460C2F804E0BCF1020F2ED023
:10B750000AF10200594600BF14EA510F84EA51046D
:10B7600013D014EA910F84EA91040ED014EAD10F99
:10B7700084EAD10208D082EA111412EA111F4FEABA
:10B780001111E9D101E000BF1446A0420FD209EB2C
:10B79000C00109EBC4024B6859F8307059F83460A5
:10B7A000556849F830604D6049F83470536001992C
:10B7B0000FF2D840002908BF043090ED00AABBFA70
:10B7C0008BF040099FED22BA039009F11C0002277B
:10B7D000B7EE00CA029000BF00EE107AB8EE400A41
:10B7E0008AEE009AB0EE490A01F0D0FDB0EE408A30
:10B7F000B0EE490A01F032FF002F00F0A1814FEABC
:10B8000057084146B8F1010F98BF0121A1F1010C81
:10B8100001F0030221F00301DDF808A04FEAC70E92
:10B820004E424FEAC805002405E000BF3C445C4599
:10B83000F24480F08C81BCF1030F0BD20021B0EEFA
:10B840004C1AB0EE4B2A002A40F0D980EEE700BF38
:10B8500000000000584600235146B0EE4C1AB0EEEE
:10B860004B2A00BF01EB050B1BED063A1BED074A07
:10B8700022EE035A24EE016A36EE455A21EE033ACF
:10B8800024EE024A11ED076A34EE033A11ED064A3E
:10B8900020EE027A61EE080A30EEC77A76EE050AEB
:10B8A00041ED070A74EE030A41ED060A34EE433A0D
:10B8B00028EE022A21EE001A0BED063A31EE021AAA
:10B8C0001BED042A1BED053A36EE455A0BED075ADF
:10B8D00021EE024A23EE075A27EE022A23EE013A0E
:10B8E00033EE022A11ED053A35EE444A11ED045AC1
:10B8F00020EE016A67EE080A30EEC66A73EE040AAB
:10B9000041ED050A75EE020A35EE422A41ED040AC0
:10B9100033EE443A0BED042A28EE011A27EE002AF2
:10B920000BED053A32EE011A1BED022A1BED033A2C
:10B9300021EE024A23EE065A26EE022A23EE013AAF
:10B9400033EE022A11ED033A35EE444A11ED025A64
:10B9500020EE017A66EE080A30EEC77A73EE040A2A
:10B9600041ED030A75EE020A35EE422A41ED020A64
:10B9700033EE443A0BED022A28EE011A26EE002A95
:10B980000BED033A32EE012A9BED001A1BED013A52
:10B9900022EE014A23EE075A35EE444A27EE011AF9
:10B9A00023EE023A11ED015A33EE013A91ED006AAD
:10B9B00020EE021A67EE080A30EEC11A75EE040A8C
:10B9C00041ED010A76EE030A36EE433A8BED003A7A
:10B9D00028EE022A27EE003A043BC1ED000A35EEBC
:10B9E000444A33EE022A9E4201F120010BED014A46
:10B9F0007FF438AF59428346002A3FF417AF214401
:10BA000001EB080309EBC30393ED013A93ED004A00
:10BA100022EE035A24EE016A21EE033A24EE024A92
:10BA200009EBC10036EE455A34EE033A90ED004A78
:10BA300090ED016A34EE057A76EE030A34EE454A5B
:10BA400036EE433A012A80ED007AC0ED010A83ED1B
:10BA5000004A83ED013A3FF4E9AE481C00EB0803CD
:10BA600020EE023A21EE084A28EE022A21EE001AC0
:10BA700009EBC30334EE433A31EE021A93ED012A87
:10BA800093ED004A21EE025A24EE036A23EE022AC5
:10BA900024EE014A09EBC00036EE455A34EE022A84
:10BAA00090ED004A90ED016A34EE057A76EE020AD6
:10BAB00034EE454A36EE422A022A80ED007AC0ED85
:10BAC000010A83ED004A83ED012A3FF4AFAE881CE2
:10BAD00000EB080120EE012A23EE084A28EE011AA5
:10BAE00023EE003A09EBC10134EE422A33EE011A8B
:10BAF00091ED013A91ED004A21EE035A24EE026ADB
:10BB000022EE032A24EE011A09EBC00031EE021ADC
:10BB100090ED002A90ED013A36EE455A32EE054A94
:10BB200033EE016A32EE452A33EE411A80ED004AC7
:10BB300080ED016A81ED002A81ED011A76E600BFF1
:10BB4000BBF1000F03D00020C0070398FCD05F4575
:10BB500003D07F005F457FF63FAE01980028009834
:10BB600024D0BBF1000F23D000EE10BAB8EE400A8B
:10BB7000B7EE001A81EE000A03280BF0030019D279
:10BB80000021002854D009EBC10292ED001A92ED79
:10BB9000012A20EE011A20EE022A012882ED001A65
:10BBA00082ED012A46D1002068E000BF002065E058
:10BBB000002063E02BF00301029B4A42002100BFFA
:10BBC00013ED071A13ED062A20EE011A03ED071AEA
:10BBD00020EE021A13ED052A03ED061A20EE021AD2
:10BBE00013ED042A03ED051A20EE021A13ED033AB1
:10BBF00003ED041A93ED001A13ED012A13ED024A26
:10BC000020EE033A03ED033A20EE043A20EE022A36
:10BC100020EE011A043903ED023A03ED012A83ED07
:10BC2000001A8A4203F12003CAD149420028AAD14E
:10BC3000002023E04A1C09EBC20292ED001A92EDAB
:10BC4000012A20EE011A20EE022A022882ED001AB3
:10BC500082ED012A02D1002010E000BF881C09EB10
:10BC6000C00090ED001A90ED012A20EE011A20EE9E
:10BC7000020A80ED001A80ED010A002040B204B0F3
:10BC8000BDEC0A8B01B0BDE8F08F00BFDB0FC940EF
:10BC9000DB0FC9C0FAF7EEFAFEF72AFAFCF78CFCC4
:10BCA000FCF744FCFCF768FFFCF7D6FBFCF7D4FD7F
:10BCB000FCF782FFFCF708FCFCF708FEFCF7A0FE8F
:10BCC000FCF7D2FEFCF72EFFFCF7E4FCFCF792FF3A
:10BCD000FCF706FD4CF26034C2F2010418A12046C4
:10BCE00006226423FCF756FAFCF7ACFFFEF718FEB9
:10BCF0002046F6F78DFD40F22060C2F20000F6F714
:10BD000069FD58B14CF26030C2F201000EA113225D
:10BD10006423FCF73FFA72B6FEE700BF4CF26030D6
:10BD2000C2F201000DA111226423FCF733FA00BF17
:10BD3000FCF79EFFFEF706FEF6F7BEFEF8E700BF33
:10BD4000424F4F540D0A0000475349474E414C5F44
:10BD5000494E49545F4641494C0D0A0047534947F3
:10BD60004E414C5F494E49545F4F4B0D0A00000055
:10BD70002DE9F04F96B0002B159100F0E582591E89
:10BD80000791991E049103F0030102919900069115
:10BD900023F0030149420191A0F110010F91991C78
:10BDA0009FEDCD0A00924FEA031E0A910321002263
:10BDB0004FF0000B002510910590CDF80CE011E03C
:10BDC0000699099ADDF820B00A440A99DDF80CE0DA
:10BDD00019440A9110990BF1040B9D4219441091DA
:10BDE00000F01C8207992C46491B13910499A9461F
:10BDF000491B1491691C99420992129180F0BE80EE
:10BE00001399129D11F00301A1464DD0129E04FB1F
:10BE1000034706FB0342A14600EB820292ED001AA3
:10BE200000EB870292ED002AB0EEC11AB0EEC22AF2
:10BE3000B4EE421AF1EE10FAC8BFB146012904F17E
:10BE4000020531D005FB034209FB034700EB8202E8
:10BE500092ED001A00EB870292ED002AB0EEC11AB3
:10BE6000B0EEC22AB4EE421AF1EE10FAC8BFA946EB
:10BE7000022904F1030517D005FB034109FB034226
:10BE800000EB810191ED001A00EB820191ED002A97
:10BE9000B0EEC11AB0EEC22AB4EE421AF1EE10FAB8
:10BEA000C8BFA946251D00BF1499032966D3E91C04
:10BEB000594300EB810CA91C594300EB8108691C14
:10BEC000594300EB810A03FB05F100EB810659465B
:10BED00009FB0347721892ED001A00EB870292EDFE
:10BEE000002AB0EEC11AB0EEC22AB4EE421AF1EE48
:10BEF00010FAC8BFA94609FB03470AEB010292EDFD
:10BF0000001A00EB870292ED002AB0EEC11AB0EEE3
:10BF1000C22AB4EE421AF1EE10FAC8BF05F10109C7
:10BF200009FB034708EB010292ED001A00EB8702C0
:10BF300092ED002AB0EEC11AB0EEC22AB4EE421A57
:10BF4000F1EE10FAC8BF05F1020909FB03470CEB3B
:10BF5000010292ED001A00EB870292ED002AB0EE8A
:10BF6000C11AB0EEC22AB4EE421AF1EE10FAC8BFFE
:10BF700005F1030904359D427144A9D109FB034130
:10BF800000EB810191ED001AB0EEC11AB4EE401A37
:10BF9000F1EE10FAC0F23E81A14504FB03F8CDF8A2
:10BFA00020B074D00799032904D2029A0021D2BB91
:10BFB00064E000BF0699CDF8388001FB09F8DDF890
:10BFC00004E0DDF824A008F1080B002205461194D6
:10BFD00055F8087055F80A1005EB0A0445F80810E2
:10BFE00045F80A7005EB0B01676851F804CC41F87D
:10BFF000047CC4F804C0A16855F80B7005EB080672
:10C0000045F80B10A760E168F768043A964505F11A
:10C010001005F160E760DBD15142029A0598119C4E
:10C02000DDF8388052B309FB03FC01EB0C0701EB90
:10C03000080550F8256050F827E0012A40F82760ED
:10C0400040F825E01AD04F1C07EB0C05474450F888
:10C05000276050F825E0022A40F8256040F827E0E4
:10C060000CD0023101EB0C02414450F8217050F821
:10C07000225040F8227040F8215000BF159F57F819
:10C08000241057F8292047F8291047F82420129D3A
:10C090009D42BFF495AE08EB040100EB810E1599AB
:10C0A000DDF828C001EB840613992A4601F0030944
:10C0B00005EB080100EB81011191A11C1391414492
:10C0C00000EB81010D91E11C0E91414400EB8101D7
:10C0D0000C91211D0B9114E0CCBC8C2B159996ED85
:10C0E000002A01EB820191ED003A21EE021A0132A1
:10C0F00031EE031A9A429C44544681ED001A3FF4F3
:10C100005FAE02FB0341A24600EB810494ED001AEE
:10C110009EED002AB1EE411A81EE021A002440F889
:10C120002140B9F1000F2C4636D0119C02FB03F1DF
:10C1300094ED002A6C1800EB840494ED003A21EE93
:10C14000022A32EE032A84ED002A139CB9F1010F72
:10C1500022D00D9CB9F1020F94ED002A139C21EE20
:10C16000022A0C4400EB840494ED003A32EE032AD8
:10C1700084ED002A0E9C0FD00C9C94ED002A0E9C9E
:10C1800021EE022A214400EB810191ED003A0B9C43
:10C1900032EE032A81ED002A149903299ED30F9FC2
:10C1A00004EB0C0507EB850B109D191B2C44129D0D
:10C1B00007EB840898ED012A9BED023A21EE022A52
:10C1C00032EE032A8BED022A98ED022A9BED033A08
:10C1D00021EE022A32EE032A8BED032A98ED032A80
:10C1E0009BED043A21EE022A32EE032A8BED042A5B
:10C1F00098ED042A9BED053A21EE022A32EE032A3D
:10C200008BED052A0BF1100B08F110080439D1D180
:10C2100064E700BF002016B0BDE8F08F012BC0F22C
:10C2200093800799DDF8009059430F9CA9F1100CF9
:10C2300001F1020800261D4613E000BF05980EEB31
:10C240000A0100EB810191ED001A09EB8A0180EEF1
:10C25000010A0136A8EB0308012D554681ED000ABD
:10C2600072DD1599A5F1010A01EB8A0191ED000A31
:10C270009D420AFB03FEE1D216F0030134D005987B
:10C2800005EB0E0200EB820292ED001A09EB85022B
:10C2900092ED002A012921EE021A30EE410A05F141
:10C2A000010222D002EB0E0700EB870709EB8202A6
:10C2B00097ED001A92ED002A022921EE021A30EEC3
:10C2C000410A05F1020210D002EB0E0100EB8101E0
:10C2D00091ED001A09EB820191ED002AEA1C21EE92
:10C2E000021A30EE410A00E02A46711E0329A5D346
:10C2F000991A0CEB8207424404EB820297ED041A70
:10C3000092ED025A97ED052A92ED036A97ED063AEF
:10C3100092ED047A25EE011A97ED074AD2ED050A4F
:10C3200030EE410A26EE021A30EE410A27EE031AD9
:10C3300030EE410A20EE841A1037103230EE410AF6
:10C340000439DBD17AE700BF012016B0BDE8F08FD9
:10C3500010B52DED048B5BB11C4604284FF0FE0395
:10C3600098BF91420AD358B2BDEC048B10BD00BFF8
:10C37000FF2358B2BDEC048B10BD00BF0028B7EE00
:10C38000000A18BF012A07D1002384ED000A58B221
:10C39000BDEC048B10BD00BF0138032820D800EE8F
:10C3A000101A9FED3B1AB8EE400A511E20EE010A0A
:10C3B00001EE101AB8EE411A80EE018ADFE800F0B3
:10C3C00002162438B0EE480A00F0E0FFBEEE001A74
:10C3D00020EE010AB6EE001A30EE010AD4E700BFE3
:10C3E000FE2358B2BDEC048B10BD00BFB0EE480A6E
:10C3F00000F0CCFF9FED2E1A9FED2E2A20EE010AB1
:10C4000030EE020AC0E700BFB0EE480A00F0BEFFFF
:10C41000BEEE001A9FED242A20EE010A30EE029AA9
:10C4200038EE080A00F0B2FF9FED201A2AE000BFA4
:10C43000B0EE480A00F0AAFF9FED161A9FED162AEB
:10C4400020EE010A30EE029A38EE080A00F09EFF54
:10C450009FED121A20EE010A30EE099AB0EE080A9A
:10C4600028EE000A00F092FF9FED0D1A20EE010A5F
:10C4700030EE099AB1EE000A28EE000A00F086FFBD
:10C480009FED081A20EE010A30EE090A7CE700BF92
:10C49000DB0FC940BC50D5BEBAC05C3E70F58D3EC6
:10C4A000702BABBDBFA6E33B3D0AD73E0AD7A33DE9
:10C4B0001F85EBBE713D0A3F2DE9F04F81B02DED98
:10C4C000108B82B0E2B18A46064600294FF0FE008A
:10C4D00000F0C781042E00F2C4819046002EAAF11C
:10C4E000010018BFBAF1010F0CD103280AF00305AF
:10C4F00080F01A819FEDE00B002D40F03B8199E127
:10C50000FF20AEE100EE100A0AF001009FEDD89B7B
:10C51000DFEDDBFA9FEDDBFADFEDDCBADFEDDCCA45
:10C520009FEDDCCADFEDDCAADFEDDC8AF8EE40EA45
:10C5300001902AF0010B0020BEEE00AAF6EE00DA10
:10C54000B0EE08EAB1EE00DA34E000BF00F01EFF02
:10C5500020EE0C0A30EE2A9A38EE080A00F016FF98
:10C5600020EE280A30EE099A28EE0E0A00F00EFF9F
:10C570009FEDCB1A20EE010A30EE099A28EE0D0A43
:10C5800000F004FF9FEDC71A20EE010A30EE090A01
:10C5900010EE100A01F0CEFD02460B462046394649
:10C5A00001F070FA074641EC190B09F101005845FA
:10C5B00000F09680054600EE105AB8EE400A20EED4
:10C5C0002F0A80EE2E8A032E0CD0022E1AD0012EB6
:10C5D00022D1B0EE480A00F0D9FE20EE0A0A30EE71
:10C5E0002D0A3DE0B0EE480A00F0D0FE20EE0A0A27
:10C5F00030EE0FBA38EE080A00F0C8FE9FEDA21A1E
:10C600002AE000BFB0EE480A00F0C0FE20EE2B0A80
:10C6100030EE2C0A24E000BFB0EE480A00F0B6FE6F
:10C6200020EE0C0A30EE2ABA38EE080A00F0AEFE10
:10C6300020EE280A30EE0BBA28EE0E0A00F0A6FE15
:10C640009FED971A20EE010A30EE0BBA28EE0D0A84
:10C6500000F09CFE9FED931A20EE010A30EE0B0ACB
:10C6600010EE100A01F066FD02460B4651EC190B64
:10C6700001F008FA05F1010900EE109AB8EE400A3F
:10C6800020EE2F0A80EE2E8A0446012E0F4613D08C
:10C69000022E1BD0B0EE480A032E7FF457AF00F0F5
:10C6A00075FE20EE0A0A30EE0F9A38EE080A00F006
:10C6B0006DFE9FED751A67E7B0EE480A00F066FE62
:10C6C00020EE0A0A30EE2D0A62E700BFB0EE480AFB
:10C6D00000F05CFE20EE2B0A30EE2C0A58E700BF7B
:10C6E0000198002800F0A680A81C00EE100AB8EE01
:10C6F000400A20EE2F0A80EE2E8A0C46012E57D0DB
:10C70000022E5FD0B0EE480A032E65D100F03EFE47
:10C7100020EE0A0A30EE0F9A38EE080A00F036FED4
:10C720009FED591A76E000BF9FED530B9FED509B94
:10C730002AF0030754EC106B51EC190B32462346D8
:10C7400001F0A0F93246234601F09CF93246234617
:10C7500001F098F93246234601F094F941EC190BA7
:10C76000043FE9D13246234601F08CF941EC100B2D
:10C77000002D5FD0012D15D09FED3F1B51EC100B0C
:10C7800056EC114B2246334601F07CF922463346E3
:10C7900081460F4601F076F9022D04BF394648461E
:10C7A00041EC100BB0EE409AF0EE609A42E000BF10
:10C7B000B0EE480A00F0EAFD20EE0A0A30EE2D0A3B
:10C7C0002CE000BFB0EE480A00F0E0FD20EE2B0A9E
:10C7D00030EE2C0A22E000BF00F0D8FD20EE0C0A5B
:10C7E00030EE2A9A38EE080A00F0D0FD20EE280A32
:10C7F00030EE099A28EE0E0A00F0C8FD9FED281AC7
:10C8000020EE010A30EE099A28EE0D0A00F0BEFD76
:10C810009FED241A20EE010A30EE090A10EE100AEC
:10C8200001F088FC02460B463846214601F02AF901
:10C8300041EC190B504601F027FB02460B4651EC28
:10C84000190B01F0C7F901F0EBF800EE100AC8F877
:10C8500000006FF00400B5EE400AF1EE10FAC8BF18
:10C86000002040B202B0BDEC108B01B0BDE8F08FEB
:10C870000000000000000000000000000000F03F89
:10C88000DB0FC9403D0AD73E0AD7A33D1F85EBBE4B
:10C89000713D0A3FBC50D5BEBAC05C3E70F58D3EBE
:10C8A000702BABBDBFA6E33B70B500284FF0FF0473
:10C8B0006DD0DDF814C0BCF1000F68D0DDF810E0D9
:10C8C000FE248E4563D2002961D0B5EE400AF1EE18
:10C8D00010FA5CDD002A5AD0734558D85D1C7545A6
:10C8E00058D900EB830595ED001A9FED4C2ABBB398
:10C8F0005C1C8C4234D215ED013A00EB840090EDC3
:10C90000004A31EE015A33EE455A35EE045A9FED96
:10C91000446AB0EEC57AB4EE467AF1EE10FA1FDD45
:10C9200033EE443AB6EE004A23EE042A82EE055A6C
:10C93000BEEE002AB4EE425AF1EE10FA08DBB4EE75
:10C94000445AB0EE452AF1EE10FAC8BFB0EE442AC0
:10C95000BDEE004A23EE043A23EE023A33EE011A0A
:10C9600003EE103AB8EE433A32EE032A03EE102AF1
:10C9700022EE000AB8EE433A80EE030A0024CCF817
:10C9800000308CED012A8CED031A8CED020A60B2A6
:10C9900070BD00BF00EB8304083400BF00EB8306CA
:10C9A00014ED011A96ED002AB4EE421AF1EE10FAD7
:10C9B000C8BF2B460135754593D800EB830694ED2F
:10C9C000001A96ED002AB4EE421AF1EE10FAC8BF32
:10C9D0002B46013575453FF684AF00EB830694ED99
:10C9E000011A96ED002AB4EE421AF1EE10FAC8BF11
:10C9F0002B46013575453FF674AF00EB830694ED89
:10CA0000021A96ED002A1034B4EE421AF1EE10FA32
:10CA1000C8BF2B4601357545C0D962E7000000004C
:10CA200008E53C1E2DE9F04381B040F21005C2F24A
:10CA30000005EA786B78013202F00F0E9E4505D1B1
:10CA40000024204601B0BDE8F08300BF4CF2C87955
:10CA5000C2F2010961B101398AB27B2A28BF7B2267
:10CA600002F10108032A08F0030C05D200242BE090
:10CA70004FF0000848E000BF08F0FC02461C00240C
:10CA8000371917F8011CEB7803EB831309EB430309
:10CA90001955315DEB7803EB831309EB4303234412
:10CAA00059707978EB7803EB831309EB4303234444
:10CAB0009970B978EB7803EB831309EB43032344B4
:10CAC0000434A242D970DBD1BCF1000F1CD0015D4F
:10CAD000EA78BCF1010F02EB821209EB4202115518
:10CAE00012D0611C425CEB78BCF1020F03EB8313A4
:10CAF00009EB43035A5407D0A11C405CEA7802EBCF
:10CB0000821209EB42025054E878FF2200EB8010B9
:10CB100009EB400000F80820E87808F1010100EB7B
:10CB2000801089B209EB40004254E87808F1020312
:10CB300000EB801099B209EB40004254E87808F10C
:10CB4000030100EB801009EB4000A0F8801085F88D
:10CB500003E0287820B10124204601B0BDE8F0832D
:10CB6000E8786978012488423FF46BAF2C706878CC
:10CB7000697800EB801001EB811109EB4101B1F8FC
:10CB8000802009EB40014CF26C00C2F20100FBF77F
:10CB9000B5FB00281EBF002028700124204601B0EC
:10CBA000BDE8F0835FEA400C08BF91F0000F4FEA48
:10CBB0008C234FEAC12243EA51514FEA1C5018BF5F
:10CBC00000F5F0404FEA300018BF41F000415FEA45
:10CBD0006C5C00F02980BCF1FF3F08BF40F0804052
:10CBE0007047130C06BF12044FF0100C4FF0000CEE
:10CBF000130E04BF12020CF1080C130F04BF120134
:10CC00000CF1040C930F04BF92000CF1020CD30F33
:10CC100004BF52000CF1010C11464FF00002A0F1CC
:10CC20001F00A0EB0C00704711F0004F08BF7047C9
:10CC300031F000413FF4D5AF0B0C06BF09044FF0B3
:10CC4000100C4FF0000C0B0E04BF09020CF1080C85
:10CC50000B0F04BF09010CF1040C8B0F04BF8900FA
:10CC60000CF1020CCB0F04BF49000CF1010CCCF10C
:10CC7000200322FA03F341EA030102FA0CF2A0EBCB
:10CC80000C0000F10100704723F07F4720F07F4C3B
:10CC900080EA030000F00040ACEB070303F57C538F
:10CCA00003F1FF032DE9804909B44FEA144324EA54
:10CCB00003484FEA154B25EA0B4E0FF2042606EB0C
:10CCC00013273E7803FB0667C7F5000707FB06F648
:10CCD0004FEAD64606F102064FEA543707FB066CC8
:10CCE000CCF1005C4FEA1C472CEA074C0CFB06F524
:10CCF00007FB06F404EB15464FEA961649085FEA6F
:10CD0000320234BF00204FF000404FEAD13706FB1B
:10CD100007FC4FEA1C4C0CFB0BF7D21B03FB0CF778
:10CD200061EB07010CFB0EF7B0EB074072EB17420B
:10CD30000CFB08F734BFA2EB0742B2EB074261EBF2
:10CD400017414FEA0C444FEA910706FB07FC4FEAF4
:10CD50001C4C0CFB0BF7B0EBC74072EB573203FBDC
:10CD60000CF734BFA2EBC742B2EBC74261EB5731BD
:10CD70000CFB0EF7B0EBC70072EB57720CFB08F719
:10CD800034BFA2EBC702B2EBC70261EB57714FEAA7
:10CD9000816141EA92114FEA826242EA90124FEABF
:10CDA000806004EBCC04039F4FEAD13706FB07FCFD
:10CDB0004FEA1C4C0CFB0BF7D21B03FB0CF761EB8F
:10CDC00007010CFB0EF7B0EB074072EB17420CFBB0
:10CDD00008F734BFA2EB0742B2EB074261EB174101
:10CDE0004FEA8C5504EB9C244FEA910706FB07FCA5
:10CDF0004FEA1C4C0CFB0BF7B0EBC74072EB573201
:10CE000003FB0CF734BFA2EBC742B2EBC74261EBA6
:10CE100057310CFB0EF7B0EBC70072EB57720CFBEF
:10CE200008F734BFA2EBC702B2EBC70261EB577140
:10CE30004FEA816141EA92114FEA826242EA90121E
:10CE40004FEA806015EB4C2544F100044FEAD137DE
:10CE500006FB07FC4FEA1C4C0CFB0BF7D21B03FB39
:10CE60000CF761EB07010CFB0EF7B0EB074072EB20
:10CE700017420CFB08F734BFA2EB0742B2EB0742A4
:10CE800061EB17414FEA813141EA92414FEA823228
:10CE900042EA90424FEA80304FEA0C7615EB1C15BF
:10CEA00044F1000448EA03434EEA0B484FF0000EF9
:10CEB000B2EB080C71EB030724BF624639464EEB18
:10CEC0000E0E4FF0000B0018524149414BEB0B0B7B
:10CED000B2EB080C71EB03077BF1000B24BF624639
:10CEE00039464EEB0E0E4FF0000B001852414941EF
:10CEF0004BEB0B0BB2EB080C71EB03077BF1000B58
:10CF000024BF624639464EEB0E0E51EA020718BFA7
:10CF100046F0010616EB0E7655F1000254F10001C1
:10CF200003D5BDE88901BDE80088BDE88901BDE8F9
:10CF30000048B619524141EB0101A3F101037047CA
:10CF400080807F7E7D7C7B7A797877767675747346
:10CF5000727171706F6E6E6D6C6C6B6A6A69686805
:10CF6000676666656464636362616160605F5F5E9B
:10CF70005E5D5D5C5C5B5B5A5A5959585857575611
:10CF80005655555554545353525252515150505076
:10CF90004F4F4F4E4E4D4D4D4C4C4C4B4B4B4A4AC8
:10CFA0004A4949494848484747474746464645450C
:10CFB0004544444444434343434242424241414145
:10CFC0009C46002B30D477002BD04FEA37071CB596
:10CFD00003B44FF010004FF01001BAF1000F06D06B
:10CFE000BCF1000FDCBF40F0080040F008014FF03A
:10CFF00000000FBCBDE810400BF1010BBBF1010FAD
:10D0000008BF5FEA170722BF12F1010211F1010107
:10D010004FF0004143F1000300F0004043EA0000FC
:10D020007047F9D35708D0E746EA06464FEA164656
:10D0300013F1400F1FDD13F1200FDFBF16430A4627
:10D04000002120335B42BED0C3F1200746EA0646EA
:10D050004FEA164602FA07F746EA070622FA03F2F3
:10D06000C3F1200701FA07F742EA070221FA03F1A8
:10D070004FF00003A7E746EA020646EA06464FEAF3
:10D08000164646EA0106BCBF46EA0646360C4FF095
:10D0900000034FF000024FF0000194E72DE9804CAF
:10D0A00070B49A46934691E8380007C831EA400CBC
:10D0B00048BF34EA430C03D5FFF7E6FDFFF780FFD6
:10D0C000F0BCBDE8008C2DE9804C70B49A469346C4
:10D0D00091E8380007C810F0804F08BF13F0804F68
:10D0E00003D100F005F8FFF76BFFF0BCBDE8008C42
:10D0F00020F07F4723F07F4C80EA030000F00040DF
:10D1000007EB0C03A3F57C53A3F1FE0392F0000F91
:10D1100000F0B38095F0000F00F077802DE9014911
:10D120004FEA114021EA00484FEA144624EA064734
:10D1300000FB06FC08FB06F607FB08F818EB0648A0
:10D140004CEB164C00FB07F718EB07484CEB17406D
:10D150004FEA124B22EA0B4E4FEA154625EA0647E4
:10D160000BFB06FC0EFB06F607FB0EFE1EEB064E47
:10D170004CEB164C0BFB07F71EEB074E4CEB174B1B
:10D1800018EB0B0840F1000018EB0E0B58EB0008F1
:10D1900040F100008F1A4FF000014FF000063CBF35
:10D1A000C943661B14BFB5EB040C00213CBFC94347
:10D1B000F61B4FEA174427EA04454FEA1C472CEABE
:10D1C000074C04FB076205FB07F70CFB05F616EBA3
:10D1D000074642EB174204FB0CFC16EB0C4642EBF5
:10D1E0001C421BEB060658EB020241414EEA8E0E32
:10D1F00046EA9E0601D5BDE80189B619524141EBC8
:10D200000101A3F10103BDE801894FEA144524EAB5
:10D2100005464FEA114721EA074C05FB07F406FBD8
:10D2200007F70CFB06F111EB074144EB174405FB34
:10D230000CFC11EB0C4144EB1C444FEA124722EA70
:10D24000074C05FB07F206FB07F70CFB06F616EB8F
:10D25000074642EB174205FB0CFC16EB0C4642EB73
:10D260001C456A1854F1000148BF7047B619524175
:10D2700041EB0101A3F10103704795F0000F37D096
:10D280004FEA114221EA02464FEA144724EA074CCA
:10D2900002FB07F106FB07F70CFB06F414EB07444F
:10D2A00041EB174102FB0CFC14EB0C4441EB1C411D
:10D2B0004FEA154725EA074C02FB07F506FB07F77F
:10D2C0000CFB06F616EB074645EB174502FB0CFC7C
:10D2D00016EB0C4645EB1C42121951F1000148BFF8
:10D2E0007047B619524141EB0101A3F101037047A8
:10D2F0004FEA144524EA05464FEA114721EA074C54
:10D3000005FB07F106FB07F70CFB06F212EB0742E1
:10D3100041EB174105FB0CFC12EB0C4251EB1C419D
:10D320004FF0000648BF7047921841EB0101A3F18E
:10D330000103704703B401984100009850EAC120EE
:10D3400018BF04204A0D18BF40F0010040F2FF72E0
:10D35000B2EB515F08BF40F00200012808BF052072
:10D3600002B070474100080218BF04200A0E18BF1F
:10D3700040F001004FF07F4232EA010108BF40F067
:10D380000200012808BF05207047000010EE101AA7
:10D3900008B5444A6846B2EB410F28D94FF0E64041
:10D3A000B0EB410F94BF00204FF0FF300090009889
:10D3B000002861DB60EE000A10F0010F45D010F08C
:10D3C000020FDFED391A9FED391A00EEA11ADFEDD9
:10D3D000381A40EE811A21EEA01AF0EE400A40EE13
:10D3E000010A08BFF1EE600AB0EE600A08BD314BD9
:10D3F00021F0004293423CD911F0004FDFED2E0A9C
:10D4000020EE201ADFED2D0A19BF31EE601A71EE01
:10D41000200A31EE201A71EE600ABDEEE01A11EE1C
:10D42000100A9FED271A00F0030000EEC10A9FEDDD
:10D43000251A009000EEC10A9FED231A00EEC10AE2
:10D440009FED221A00EEC10AB1E79FED211A9FED70
:10D45000210A10F0020F00EE810A9FED1F1A00EE64
:10D46000801AB7EE000A00EE810A18BFB1EE400A3A
:10D4700008BD00F0F7F99AE710EE100A4000B0F18D
:10D480007F4F3CBFB7EE000A08BD07D14FF0010047
:10D49000F3F7B9FBBDE8084000F0D4B9BDE8084097
:10D4A00000F0CCB9B61F927E336D4CB9DA82083CDD
:10D4B000A0AA2ABE490E494683F9223F0000004B2C
:10D4C0000000C93F00A0FD390020A2331A61342CAE
:10D4D000B93AB2BACA9F2A3DDDFFFFBE10EE100A6C
:10D4E00010B5A0F500014FF0000CB1F1FE4F6CD269
:10D4F00000F500216FF07E0202EBE153C1F302520E
:10D500004FF07E5101EB025100EE901AA0EBC35098
:10D510000CEB030100EE100A51EA020036D030EEA7
:10D52000601A30EE200AC1EE000A20EEA00A60EE7A
:10D53000801A9FED3D2A9FED3D1A3D48DFED3F2AC1
:10D5400000EE021A784400EB82009FED3A2A21EEA9
:10D55000810A01EE101AD0ED001A3748B8EEC11A50
:10D56000784400EB820041EE021A01EE101A90EDB1
:10D57000002AB8EEC11A01EE222A9FED311A32EECE
:10D58000000A00EE810A31EE800A10BDF7EE000AB3
:10D590009FED2D1A70EE600A9FED2A0A00EE801AA8
:10D5A0009FED2A0A60EEA01A00EE810A9FED281A6C
:10D5B00000EE801A21EE810A9FED261A00EE810A04
:10D5C000B5EE0B1A00EE810A10BD4FF07F41B1EBB2
:10D5D000400F03D2BDE8104000F030B9B0F1FF4F6A
:10D5E00008BF10BDB5EEC00AF1EE10FA06D2012058
:10D5F000F3F709FBBDE8104000F024B9B5EEC00A0E
:10D60000F1EE10FA07D10220F3F7FDFA00F00CF961
:10D61000B1EE400A10BDDFED100A6FF0160C20EEDF
:10D62000200A10EE100A63E7DE02323E3B3D943ED4
:10D63000400D000000209A3E440D0000FC849A3604
:10D64000D95B5E3F924FA93D7279DEBD2D3E143EFF
:10D65000D85B5EBE157B4B3C0000004B00B510EE66
:10D66000101A2DED028B81B0524A6846B2EB410F81
:10D670002ED94FF0E640B0EB410F94BF00204FF0A1
:10D68000FF3000900098B0EE408A00286ADB10F06E
:10D69000010F4BD068EE080A9FED471A9FED470A2D
:10D6A00000EE810A9FED461A10F0020F00EE801A7C
:10D6B000B7EE000A00EE810A02BF01B0BDEC028B9A
:10D6C00000BD00BF01B0B1EE400ABDEC028B00BD51
:10D6D0003C4B21F00042934241D911F0004FDFED65
:10D6E0003A0A20EE201ADFED390A19BF31EE601A2E
:10D6F00071EE200A31EE201A71EE600ABDEEE01ADA
:10D7000011EE100A9FED321A00F0030000EEC10A7C
:10D710009FED301A009000EEC10A9FED2F1A00EE27
:10D72000C10A9FED2E1A00EEC10AABE728EE080AE7
:10D730009FED2B1ADFED2B0A10F0020F40EE010ACD
:10D740009FED291A00EE201A61EE000AB0EE480A99
:10D7500008EE200AB6D101B0BDEC028B00BD00F08E
:10D7600081F88FE718EE100A4000B0F17F4F0DD21C
:10D7700018EE100AFFF7F6FD042808BF00F06AF85B
:10D78000B0EE480A01B0BDEC028B00BD09D101200A
:10D79000F3F739FA01B0BDEC028B5DF804EB00F051
:10D7A00051B801B0B0EE480ABDEC028B5DF804EB55
:10D7B00000F044B8B61F927EB93AB2BACA9F2A3D69
:10D7C000DDFFFFBE490E494683F9223F0000004BB2
:10D7D0000000C93F00A0FD390020A2331A61342C9B
:10D7E000336D4CB9DA82083CA0AA2ABE10B52DEDE3
:10D7F000028BB1EEC08A18EE100A20F00040C0F192
:10D80000FF40C00F0AD010EE100A20F00040C0F117
:10D81000FF40C00F04BF0120F3F7F5F9B0EE480A4E
:10D82000BDEC028B10BD0000DFED030AB7EE001A5D
:10D8300081EE200A704700000000000030EE000A70
:10D8400070470000DFED020A80EEA00A704700007A
:10D85000000000009FED020A20EE000A7047000061
:10D86000000000102DE9F0014FF07F42B2EB410FB4
:10D870009FBF4FF0FF310160BDE8F00170474FF0EE
:10D88000004242EA0123C1F3C752783A551112F01F
:10D890001F0C434CCCF120067C44C1F3C752A2F1CB
:10D8A00078024FEA621204EB820254F8254008BF66
:10D8B000D2E9015612D0556804FA0CF425FA06F79D
:10D8C0003C43976805FA0CF527FA06F8D26807FA80
:10D8D0000CFCF24045EA08054CEA0206A4FB034CA6
:10D8E000A5FB0352A6FB03631D449D4234BF0126E2
:10D8F00000261319334416B1934202D903E0934230
:10D9000001D2012200E00022624402F1200C9206C2
:10D91000DC0C42EA443200EE102A5B03DFED210A00
:10D92000F8EEC01A00EE103A4FEA9C1C11F0004FBE
:10D93000B8EE400AC0F800C020EE201A00EE105ADF
:10D94000DFED190AB8EE400A20EE200A71EE810AD6
:10D9500070EE800A10EE902A02F500626FF30B025F
:10D9600000EE902A70EEE11A31EEC11ADFED101AC6
:10D9700030EE411A9FED0D0A20EE800A01EE210AD9
:10D980009FED0C1A00EE810A04BFBDE8F00170475C
:10D99000CCF180510160BDE8F001B1EE400A704762
:10D9A0002C0A0000000000360000802C22AAFD296D
:10D9B000DB0FC92F0000C92F30380A2801D20120FF
:10D9C000704700207047000010B500290AD0087881
:10D9D000002807D005487844F3F7C2F8002801D0A2
:10D9E000002010BD0248784410BD0000F20C000079
:10D9F000EA0C000010B500290AD00878002807D0EA
:10DA000005487844F3F7ACF8002801D0002010BD99
:10DA10000248784410BD0000D60D0000CE0D000075
:10DA200021F0004201F00043A2F16052B2F5801FE4
:10DA300028BFD2F17F6C0BD95FEA001C43EAC20217
:10DA400042EB507018BF704728BF20F001007047AC
:10DA5000B2F5801FBCBF184670474FEA410C1CF559
:10DA6000001F02D2084600F0E3BB70B500F01FFAB9
:10DA700000000089FFF7F6BF4FF00040A0F58000DE
:10DA80007047000010B591EA030F48BF83F00043D0
:10DA900000F16A82841A71EB030C05D2121943EB70
:10DAA0000C03001B61EB0C014FEA1154A4EB135C57
:10DAB000DFF81CE11EEA430F18BF9EEA445F00F046
:10DAC000748021EA045123EA0E0343F48013DCF14D
:10DAD000200E32D322FA0CFE10EB0E0023FA0CFEBD
:10DAE00041EB0E01CCF1200E03FA0EFE10EB0E00FE
:10DAF000CCF1200E51F10001B1F5801F32D201EBC3
:10DB0000045112FA0EF2BDE8104058BF7047401C95
:10DB100038BF5FEA420218BF7047002814BF20F0E8
:10DB2000010041F100014FEA410313F5001F38BF26
:10DB30007047A1F1C04100F008BA012A43EB03028B
:10DB4000ACF1200CDCF11F0E32BF4FF0000E23FAB7
:10DB50000CF310EB030041EB0451B4EB115FD0D098
:10DB6000A1EB045101F58011490801EB04515FEA72
:10DB700030000ED350F1000038BF12FA0EFE08D16B
:10DB8000BDE81040C9E7401C38BF5FEA4202CAD175
:10DB9000C3E7BDE810404FEA410313F5001F38BF4B
:10DBA0007047A1F1C04100F0D0B99EEA445F08D0AF
:10DBB00011EA5E0FBDE8104004BF01F000410020F3
:10DBC0007047BDE8104070B500F071F964FBBE3ECF
:10DBD0000000E0FF2DE9C04130B4DFF8A4C23CEA08
:10DBE000111418BF3CEA131400F0ED801CEA111464
:10DBF00081EA030544EAD57418BF1CEA131500F046
:10DC0000C880A4EB050404F17F7404F500344FF0E0
:10DC1000004545EAC12145EAC32341EA505143EAA0
:10DC200052534FEAC0204FEAC222994208BF9042A5
:10DC300000F09D804FEA13650FF24416765D4FEABF
:10DC4000134506FB05F7C7F1807706FB07F74FEA98
:10DC5000D737A7FB03687642A7FB06CEC8F5803806
:10DC600038BFA8F1010807FB08E6A6FB028C4FF0BD
:10DC7000000EE6FB03CEDCF1000CCEF1004E38BF07
:10DC8000AEF1010EA6FB0C584FF00007E6FB0E8725
:10DC9000A1FB08C6A0FB07CE16EB0E064FF0000551
:10DCA00045F10005E1FB076515F1E04E7EBFA4F5E7
:10DCB00080345FEA46066D4116F1800745F10005A4
:10DCC0004FEA172747EA05674FEA15254FEA066628
:10DCD000A6F1DE46B6F1805F20D9384605EBC47167
:10DCE00024F0010C01EB0C11BCF1FE6F02D8F0BC6A
:10DCF000BDE8008124425CBF01F5801E9EEAC47F1E
:10DD000002D4F0BCBDE80081244200F13980A1F1C9
:10DD1000C041F0BCBDE8004100F017B94FEAD02087
:10DD200040EA41504FEAD1214FEAD22242EA43521F
:10DD30004FEAD323A7FB028607FB036605FB0266B7
:10DD40001EEA0E0F58BFA6EB0056B6EB00564FEA80
:10DD5000520E4EEAC37E18EB0E0E56EB530EBCD598
:10DD600018EB02085E417F1C55F10005B5E74FF442
:10DD700080154FF000074FF000064FF00008ACE7A9
:10DD800001F1C04101F000414FF00000F0BCBDE8DE
:10DD900000810CEA131511EA0C1F00D00CE013EA05
:10DDA0000C1F00F026804FF0000081EA030101F013
:10DDB0000041F0BCBDE80081F0BCBDE8004181EA53
:10DDC000030100F0C2B8F0BCBDE8004170B500F03E
:10DDD0006EF800BF097EFC3E00F007B84FF000006F
:10DDE00081EA030101F00041704781EA030100F07C
:10DDF000ACB8F0BCBDE8004122494FF000007047CC
:10DE0000FFFDFBF9F7F5F4F2F0EEEDEBE9E8E6E4FF
:10DE1000E3E1E0DEDDDBDAD8D7D5D4D3D1D0CFCD86
:10DE2000CCCBCAC8C7C6C5C4C2C1C0BFBEBDBCBBBF
:10DE3000BAB9B8B7B6B5B4B3B2B1B0AFAEADACABBA
:10DE4000AAA9A8A8A7A6A5A4A3A3A2A1A09F9F9E94
:10DE50009D9C9C9B9A999998979796959594939346
:10DE6000929191908F8F8E8E8D8C8C8B8B8A8989DD
:10DE70008888878786858584848383828281818060
:10DE80000000FF070000F87FB0FA80F310FA03F1FA
:10DE90000AD0C3F11D0303F580634FEA03524FEA32
:10DEA000415002EBD12170474FF0000070470EF156
:10DEB000020E2EF0030E5EF8046B364205D4012AE2
:10DEC00043EB030515F5001F12D8012841EB010CA7
:10DED0001CF5001F0CD80ED14FEAD17C0CEB4C0C7A
:10DEE0000CF1020C15F5001F08BF4CEBD37C04E0CD
:10DEF0004FF0080C01E04FEAD37C0CEB4C0526FAFE
:10DF000005F606F00706B6F1040C06D20EEB860CF9
:10DF1000BDE870404CF0010C6047DFE80CF0090BE5
:10DF200002024FF00041A1F500214FF0000070BD4A
:10DF300019461046012851EB010418BFD4F500140E
:10DF400084BF002001F0004170BD0808A0F5001159
:10DF50004FEA31017047000010B591EA030F48BF46
:10DF600083F000433FF596AD841A71EB030C07D2A2
:10DF70008CF0004C121943EB0C03001B61EB0C01FD
:10DF80004FEA1154A4EB135CDFF8A4E11EEA430F3F
:10DF900018BF9EEA445F00F0B48021EA045123EAEE
:10DFA0006E035242C3EB6E0338BF5B1EDCF1200EE2
:10DFB00025D322FA0CFE10EB0E0043FA0CFE41EBC7
:10DFC0000E01CCF1200E03FA0EFE10EB0E00CCF188
:10DFD000200E51F1000129D401EB045112FA0EF286
:10DFE000BDE8104058BF7047401C1CBFB2F1004F45
:10DFF000704700280CBF491C20F00100704712EB4D
:10E00000020E43EB030218BF4FF0010E4EEA42022C
:10E01000ACF1200CDCF11E0E56D943FA0CFE10EBCD
:10E020000E00CCF11E0E51F1FF31D5D50EF1010ECF
:10E0300012FA0EFE404141EB010101EB445C5FEA44
:10E040005C5C10D901EB045110EBDE7038BFBEF1FF
:10E05000004FBDE8104018BF704700280CBF491C96
:10E0600020F00100704734D24FEAD42C24F400642D
:10E0700011F500111BD0B1FA81F20B3AA41AA41EBB
:10E08000D2F12003914030FA03F31943904001EBA1
:10E09000CC7101EB0451002CBDE81040A8BF7047C3
:10E0A00001F1C04101F000414FF000007047B0FAAB
:10E0B00080F310FA03F102D1BDE810407047E41A72
:10E0C000173C4805C90AE2E701EB0451BDE81040DE
:10E0D000704749104FEA300001EB0451BDE8104091
:10E0E00002E04FF0000170474A0008BF0042F8D03C
:10E0F000B2F5001F28BF704701F000414FF000004B
:10E1000070479EEA445F07D011EA5E0FBDE81040F9
:10E1100004BF002100207047BDE8104070B5FFF734
:10E12000C6FE00BF40DFF63E104683F00041704758
:10E130000000E0FF43004FEAD30C4FEA3C0C4340A1
:10E140001FBF40070CF1605113F0FE4F70471CF0E9
:10E15000006F03D10CF00041002070470CF0004329
:10E1600043EA507040EACC0010B500F00EF800BF52
:10E17000000000924FEA0001FFF7E7BE4FF00041B8
:10E18000A1F500214FF0000070470EF1020E2EF0B5
:10E19000030E5EF8044B244204D44FEA4102B2F16C
:10E1A0007F4F11D84FEA4003B3F17F4F0CD80ED107
:10E1B0004FEAD07C0CEB4C0C0CF1020CB2F17F4F0F
:10E1C00008BF4CEBD17C04E04FF0080C01E04FEAB3
:10E1D000D17C0CEB4C0324FA03F404F00704B4F1F3
:10E1E000040C06D20EEB840CBDE810404CF0010C80
:10E1F0006047DFE80CF0070802024FF00040A0F58E
:10E20000800010BD0846420018BFD2F1807288BF5E
:10E2100000F0004010BDF1EE100A4FF6FF71C0F2A1
:10E22000C03120EA010040F04070E1EE100A704772
:10E23000FF2141EAD050C0057047F2F75CBFF3F709
:10E2400091B80000000000000000000030313233BF
:10E25000343536373839414243444546403058001A
:10E26000303132333435363738396162636465664C
:10E2700040307800040000080000000000000002A8
:10E280000001000010000000000000000080513D6F
:10E290000070C63D00900D3E0050343E00E0573EF9
:10E2A00000D0783E00C08B3E000000000AD6A936A0
:10E2B000431C8C37658F7338832DA236121D1F388F
:10E2C000B3756F38D2535A38000000006E83F9A23C
:10E2D0002915444ED15727FCC0DD34F5999562DBF2
:10E2E0004190433CAB6351FE3031323334353637E5
:10E2F0003839616263646566787000303132333476
:10E3000035363738394142434445465850000000BD
:10E3100002400000000000A00000000005400000D6
:10E32000000000C8000000000C4000000000409CFD
:10E3300000000000194000000020BCBE00000000EA
:10E3400034400000BFC91B8E00000004B54000002F
:10E35000504BCFD06607E2CF010000006C410000B7
:10E360003E8251AADFEEA73401000000D94200002E
:10E37000DCB5A0E23A301F97FFFFFFFFB445000075
:10E38000FD25A0C8E9A3C14FFFFFFFFFFF3F00002D
:10E390000000008000000000FF3F0000000000803F
:10E3A0000000000057E4000871E4000895E400084C
:10E3B000B3E4000844E400087DE40008A7E4000892
:10E3C00089E40008C5E40008EBE40008D1E4000893
:10E3D00038E40008E0E4000800000000000000004D
:10E3E00001020304060708090000000001020304FB
:10E3F0000006101600061016808C99A5B1BCC7D275
:10E40000DAE2EAF0F5FAFDFFFFFFFDFAF5F0EAE2E5
:10E41000DAD2C7BCB1A5998C8073665A4E43382DA9
:10E42000251D150F0A050200000002050A0F151D23
:10E43000252D38434E5A667353484F52544050412D
:10E44000495232004C4F53533D2D332E326442001B
:10E4500053494E474C4500574952454D41503A4F5C
:10E460004B004455414C0046554C4C004F50454ED6
:10E4700000534849454C443A534654500050414992
:10E4800052313D31322E33520050414952333D31E9
:10E49000322E34520052313D31322E33522052321C
:10E4A0003D31322E35520050414952323D31322EEB
:10E4B00035520052333D31322E34522052343D31E8
:10E4C000322E36520050414952343D31322E3652AE
:10E4D0000053484F52543A4E4F5F53484F525400E6
:10E4E000444953543D33322E356D004C454E47540C
:10E4F000483D3130356D0072756E00726573756C14
:10E5000074004552524F520041542B5048412B3019
:10E510000041542B414D502B300041542B4D4F4462
:10E52000452B46534B320041542B53574545502BF6
:10E530004F464600574149545F4F4B0041542B53BF
:10E54000574545502B4F4E0043485F4552520046B9
:10E55000534B5F4552520053574545505F45525209
:10E5600000504F494E545F455252004444535F544B
:10E57000585F4552520041542B5245534554004177
:10E58000542B4D4F44452B504F494E54005245415A
:10E590004459004444535F425553590074737461A5
:10E5A0000041542B54494D452B25750041542B43B4
:10E5B00048414E4E454C2B25750041542B414D5042
:10E5C0002B25750041542B465245312B256C750087
:10E5D00041542B465245322B256C750041542B4635
:10E5E00052452B256C750041542B535445502B2517
:10E5F0006C7500745F73703100745F7370320074F7
:10E600005F737033005245513A2055006625753DC1
:10E61000256C752E256C75206B487A2020413D2590
:10E620006C75206D56005245513A20556100524597
:10E63000513A20556200256C752573006164642091
:10E6400025752C25752C25750057415645310057E9
:10E650004156453300535045435452554D006625AD
:10E66000753D256C752E2530336C75206B487A20EE
:10E670004125753D256C75206D560D0A0025750DDB
:10E680000A0025752C000000F8E7000800000020B3
:10E6900010000000C401000808E8000800C00120C4
:10E6A00008000000C401000808E80008100000206D
:10E6B000E0910100E001000810E8000808C0012016
:10E6C000E0110000E001000810010000430000001C
:10E6D000F8FFFFFF00404040404040404040414183
:10E6E0004141414040404040404040404040404027
:10E6F00040404040400502020202020202020202C1
:10E7000002020202022020202020202020202002BD
:10E71000020202020202909090909090101010104D
:10E7200010101010101010101010101010101010E9
:10E73000020202020202888888888888080808087D
:10E740000808080808080808080808080808080849
:10E750000202020240000000000000000000000071
:10E7600000000000000000000000000000000000A9
:10E770000000000000000000000000000000000099
:10E780000000000000000000000000000000000089
:10E790000000000000000000000000000000000079
:10E7A0000000000000000000000000000000000069
:10E7B0000000000000000000000000000000000059
:10E7C0000000000000000000000000000000000049
:10E7D00000000000000000001C00000043000000DA
:10E7E000F8FFFFFF0C0000000E0000000F0000000B
:10E7F0002E000000000000000100000010000000DA
:10E8000001000000000000000024F40000000000EF
:040000050800018965
:00000001FF
